Run_ID,Cipher,Target_RTT,Target_Loss,MTU,HCT_ms,Total_Bytes_Sent_Client,Total_Bytes_Sent_Server,Packets_Client,Packets_Server
1,X25519,20,0,1500,40.07,3009,3029,5,5
2,X25519,20,0,1500,35.78,3009,3030,5,5
3,X25519,20,0,1500,35.63,3009,3030,5,5
4,X25519,20,0,1500,35.56,3009,3030,5,5
5,X25519,20,0,1500,35.5,3009,3030,5,5
6,X25519,20,0,1500,35.15,3009,3030,5,5
7,X25519,20,0,1500,35.54,3009,3030,5,5
8,X25519,20,0,1500,35.81,3009,3030,5,5
9,X25519,20,0,1500,35.23,3009,3029,5,5
10,X25519,20,0,1500,35.74,3009,3030,5,5
11,X25519,20,0,1500,35.41,3009,3030,5,5
12,X25519,20,0,1500,35.21,3009,3030,5,5
13,X25519,20,0,1500,35.02,0,0,0,0
14,X25519,20,0,1500,35.2,3009,3030,5,5
15,X25519,20,0,1500,35.14,3009,3030,5,5
16,X25519,20,0,1500,35.01,3009,3030,5,5
17,X25519,20,0,1500,35.36,3009,3030,5,5
18,X25519,20,0,1500,34.96,3009,3030,5,5
19,X25519,20,0,1500,34.97,3009,3030,5,5
20,X25519,20,0,1500,35.02,3009,3030,5,5
21,X25519,20,0,1500,35.65,3009,3030,5,5
22,X25519,20,0,1500,36.57,3009,3030,5,5
23,X25519,20,0,1500,35.45,3009,3030,5,5
24,X25519,20,0,1500,36.46,3009,3030,5,5
25,X25519,20,0,1500,35.47,3009,3030,5,5
26,X25519,20,0,1500,35.17,3009,3030,5,5
27,X25519,20,0,1500,35.62,3009,3030,5,5
28,X25519,20,0,1500,36.14,3009,3030,5,5
29,X25519,20,0,1500,35.61,3009,3030,5,5
30,X25519,20,0,1500,35.26,3009,3030,5,5
31,X25519,20,0,1500,35.74,3009,3030,5,5
32,X25519,20,0,1500,35.09,3009,3030,5,5
33,X25519,20,0,1500,36.22,3009,3030,5,5
34,X25519,20,0,1500,35.39,3009,3030,5,5
35,X25519,20,0,1500,35.73,3009,3030,5,5
36,X25519,20,0,1500,35.81,3009,3030,5,5
37,X25519,20,0,1500,36.0,3009,3030,5,5
38,X25519,20,0,1500,35.14,0,0,0,0
39,X25519,20,0,1500,35.54,0,0,0,0
40,X25519,20,0,1500,35.55,0,0,0,0
41,X25519,20,0,1500,35.56,0,0,0,0
42,X25519,20,0,1500,35.82,3009,3030,5,5
43,X25519,20,0,1500,35.44,3009,3030,5,5
44,X25519,20,0,1500,35.45,3009,3030,5,5
45,X25519,20,0,1500,35.74,3009,3030,5,5
46,X25519,20,0,1500,35.71,3009,3030,5,5
47,X25519,20,0,1500,35.97,3009,3030,5,5
48,X25519,20,0,1500,36.03,3009,3030,5,5
49,X25519,20,0,1500,36.13,3009,3030,5,5
50,X25519,20,0,1500,35.2,3009,3030,5,5
51,X25519,20,1,1500,35.03,3161,3101,7,6
52,X25519,20,1,1500,36.08,3009,3030,5,5
53,X25519,20,1,1500,35.55,3009,3030,5,5
54,X25519,20,1,1500,35.76,3009,3030,5,5
55,X25519,20,1,1500,36.11,3009,3030,5,5
56,X25519,20,1,1500,35.78,3009,3030,5,5
57,X25519,20,1,1500,35.72,3009,3030,5,5
58,X25519,20,1,1500,36.43,3009,3030,5,5
59,X25519,20,1,1500,35.29,3009,3030,5,5
60,X25519,20,1,1500,35.16,0,0,0,0
61,X25519,20,1,1500,35.66,3009,3030,5,5
62,X25519,20,1,1500,36.16,3056,2764,5,4
63,X25519,20,1,1500,35.18,3295,3455,9,7
64,X25519,20,1,1500,36.31,3009,3030,5,5
65,X25519,20,1,1500,35.98,3009,3030,5,5
66,X25519,20,1,1500,35.34,3009,3030,5,5
67,X25519,20,1,1500,35.53,3009,3030,5,5
68,X25519,20,1,1500,35.32,3009,3030,5,5
69,X25519,20,1,1500,235.95,3009,3030,5,5
70,X25519,20,1,1500,35.7,3009,3030,5,5
71,X25519,20,1,1500,35.35,0,0,0,0
72,X25519,20,1,1500,35.43,3009,3030,5,5
73,X25519,20,1,1500,35.25,3009,3030,5,5
74,X25519,20,1,1500,35.1,3009,3030,5,5
75,X25519,20,1,1500,35.31,3161,3101,7,6
76,X25519,20,1,1500,35.24,3009,3030,5,5
77,X25519,20,1,1500,36.27,3009,3030,5,5
78,X25519,20,1,1500,35.92,3009,3030,5,5
79,X25519,20,1,1500,35.62,3009,3030,5,5
80,X25519,20,1,1500,35.7,3009,3030,5,5
81,X25519,20,1,1500,36.25,3009,3030,5,5
82,X25519,20,1,1500,35.43,3009,3030,5,5
83,X25519,20,1,1500,35.24,3009,3030,5,5
84,X25519,20,1,1500,35.43,3009,3030,5,5
85,X25519,20,1,1500,35.3,0,0,0,0
86,X25519,20,1,1500,35.46,3009,3030,5,5
87,X25519,20,1,1500,35.48,3009,3030,5,5
88,X25519,20,1,1500,36.06,3009,3030,5,5
89,X25519,20,1,1500,35.55,3009,3030,5,5
90,X25519,20,1,1500,36.25,3009,3030,5,5
91,X25519,20,1,1500,35.64,3009,3030,5,5
92,X25519,20,1,1500,35.8,3009,3030,5,5
93,X25519,20,1,1500,35.15,3009,3030,5,5
94,X25519,20,1,1500,36.9,3009,3030,5,5
95,X25519,20,1,1500,35.29,0,0,0,0
96,X25519,20,1,1500,35.56,0,0,0,0
97,X25519,20,1,1500,36.6,3009,3030,5,5
98,X25519,20,1,1500,35.15,3009,3030,5,5
99,X25519,20,1,1500,35.01,3009,3030,5,5
100,X25519,20,1,1500,35.57,3009,3030,5,5
101,X25519,20,3,1500,35.23,3009,3030,5,5
102,X25519,20,3,1500,35.2,3009,3030,5,5
103,X25519,20,3,1500,35.34,3009,3030,5,5
104,X25519,20,3,1500,35.3,3009,3030,5,5
105,X25519,20,3,1500,35.43,3009,3030,5,5
106,X25519,20,3,1500,35.51,3154,3180,7,7
107,X25519,20,3,1500,35.69,3009,3030,5,5
108,X25519,20,3,1500,35.88,3009,3030,5,5
109,X25519,20,3,1500,36.01,3161,3101,7,6
110,X25519,20,3,1500,35.22,3009,3030,5,5
111,X25519,20,3,1500,35.0,0,0,0,0
112,X25519,20,3,1500,35.47,3009,3030,5,5
113,X25519,20,3,1500,36.05,3009,3030,5,5
114,X25519,20,3,1500,35.46,3009,3030,5,5
115,X25519,20,3,1500,35.61,3009,3030,5,5
116,X25519,20,3,1500,35.71,3009,3030,5,5
117,X25519,20,3,1500,35.05,3009,3030,5,5
118,X25519,20,3,1500,35.24,3009,3030,5,5
119,X25519,20,3,1500,35.48,2783,1858,5,3
120,X25519,20,3,1500,35.48,3009,3030,5,5
121,X25519,20,3,1500,35.34,3009,3030,5,5
122,X25519,20,3,1500,35.31,3009,3030,5,5
123,X25519,20,3,1500,35.39,3009,3030,5,5
124,X25519,20,3,1500,35.42,3009,3030,5,5
125,X25519,20,3,1500,35.11,3295,3455,9,7
126,X25519,20,3,1500,35.16,3009,3030,5,5
127,X25519,20,3,1500,35.33,3009,3030,5,5
128,X25519,20,3,1500,34.91,3009,3030,5,5
129,X25519,20,3,1500,35.83,3009,3030,5,5
130,X25519,20,3,1500,36.26,3009,3030,5,5
131,X25519,20,3,1500,35.01,3009,3030,5,5
132,X25519,20,3,1500,35.52,3009,3030,5,5
133,X25519,20,3,1500,35.47,3295,3455,9,7
134,X25519,20,3,1500,35.48,3009,3030,5,5
135,X25519,20,3,1500,35.14,3154,3180,7,7
136,X25519,20,3,1500,35.26,3009,3030,5,5
137,X25519,20,3,1500,35.02,3009,3030,5,5
138,X25519,20,3,1500,35.72,3295,3455,9,7
139,X25519,20,3,1500,36.32,3225,3180,8,7
140,X25519,20,3,1500,35.68,3009,3030,5,5
141,X25519,20,3,1500,35.17,3009,3030,5,5
142,X25519,20,3,1500,35.35,3009,3030,5,5
143,X25519,20,3,1500,35.0,3009,3030,5,5
144,X25519,20,3,1500,35.52,3009,3030,5,5
145,X25519,20,3,1500,35.58,3155,3251,7,8
146,X25519,20,3,1500,114.88,3098,3120,6,6
147,X25519,20,3,1500,35.76,3009,3030,5,5
148,X25519,20,3,1500,36.35,3009,3030,5,5
149,X25519,20,3,1500,35.24,3009,3030,5,5
150,X25519,20,3,1500,35.9,3009,3030,5,5
151,X25519,20,5,1500,35.66,3009,3030,5,5
152,X25519,20,5,1500,35.56,3009,3030,5,5
153,X25519,20,5,1500,35.43,0,0,0,0
154,X25519,20,5,1500,35.38,1767,3030,4,5
155,X25519,20,5,1500,35.29,0,0,0,0
156,X25519,20,5,1500,36.09,3009,3030,5,5
157,X25519,20,5,1500,35.32,3009,3030,5,5
158,X25519,20,5,1500,35.59,0,0,0,0
159,X25519,20,5,1500,35.91,0,0,0,0
160,X25519,20,5,1500,35.49,3009,3030,5,5
161,X25519,20,5,1500,36.53,3009,3030,5,5
162,X25519,20,5,1500,35.32,0,0,0,0
163,X25519,20,5,1500,35.36,3161,3101,7,6
164,X25519,20,5,1500,34.9,3009,3030,5,5
165,X25519,20,5,1500,35.33,3009,3030,5,5
166,X25519,20,5,1500,237.71,3009,3030,5,5
167,X25519,20,5,1500,35.91,3009,3030,5,5
168,X25519,20,5,1500,35.56,3009,3030,5,5
169,X25519,20,5,1500,35.47,3009,3030,5,5
170,X25519,20,5,1500,256.91,5493,3814,7,8
171,X25519,20,5,1500,237.34,2937,3101,4,6
172,X25519,20,5,1500,35.57,3009,3101,5,6
173,X25519,20,5,1500,56.4,0,0,0,0
174,X25519,20,5,1500,35.35,3009,3101,5,6
175,X25519,20,5,1500,35.86,3295,3455,9,7
176,X25519,20,5,1500,35.49,3009,3030,5,5
177,X25519,20,5,1500,35.51,3009,3101,5,6
178,X25519,20,5,1500,36.01,3009,3030,5,5
179,X25519,20,5,1500,35.6,3009,3030,5,5
180,X25519,20,5,1500,55.99,0,0,0,0
181,X25519,20,5,1500,35.34,3009,3030,5,5
182,X25519,20,5,1500,36.1,3009,3030,5,5
183,X25519,20,5,1500,114.88,3251,3266,8,8
184,X25519,20,5,1500,35.96,3009,3030,5,5
185,X25519,20,5,1500,35.79,1767,3030,4,5
186,X25519,20,5,1500,35.13,3295,3455,9,7
187,X25519,20,5,1500,35.46,3295,3455,9,7
188,X25519,20,5,1500,35.07,3009,2955,5,4
189,X25519,20,5,1500,35.99,3009,3030,5,5
190,X25519,20,5,1500,35.72,3009,3030,5,5
191,X25519,20,5,1500,114.02,3026,3262,5,8
192,X25519,20,5,1500,255.91,3103,4687,6,8
193,X25519,20,5,1500,36.38,2937,3172,4,7
194,X25519,20,5,1500,56.99,0,0,0,0
195,X25519,20,5,1500,35.02,3009,3030,5,5
196,X25519,20,5,1500,55.81,4251,3450,6,7
197,X25519,20,5,1500,35.5,3009,3101,5,6
198,X25519,20,5,1500,35.22,3009,3030,5,5
199,X25519,20,5,1500,35.4,3009,3100,5,6
200,X25519,20,5,1500,35.58,3009,3030,5,5
201,X25519,80,0,1500,97.17,3009,3030,5,5
202,X25519,80,0,1500,95.77,3009,3101,5,6
203,X25519,80,0,1500,95.41,3009,3030,5,5
204,X25519,80,0,1500,106.85,3009,3030,5,5
205,X25519,80,0,1500,96.02,3009,3030,5,5
206,X25519,80,0,1500,95.83,3009,3030,5,5
207,X25519,80,0,1500,95.48,3009,3030,5,5
208,X25519,80,0,1500,95.38,3009,3030,5,5
209,X25519,80,0,1500,95.42,3009,3030,5,5
210,X25519,80,0,1500,95.69,3009,3101,5,6
211,X25519,80,0,1500,95.42,3009,3030,5,5
212,X25519,80,0,1500,96.06,3009,3030,5,5
213,X25519,80,0,1500,95.35,3009,3030,5,5
214,X25519,80,0,1500,95.63,3009,3029,5,5
215,X25519,80,0,1500,96.04,3009,3030,5,5
216,X25519,80,0,1500,95.46,3009,3030,5,5
217,X25519,80,0,1500,95.95,3009,3030,5,5
218,X25519,80,0,1500,96.17,3009,3030,5,5
219,X25519,80,0,1500,96.51,3009,3030,5,5
220,X25519,80,0,1500,95.94,3009,3030,5,5
221,X25519,80,0,1500,95.92,3009,3030,5,5
222,X25519,80,0,1500,96.61,3009,3030,5,5
223,X25519,80,0,1500,95.68,3009,2960,5,4
224,X25519,80,0,1500,95.84,3009,3030,5,5
225,X25519,80,0,1500,96.61,3009,3030,5,5
226,X25519,80,0,1500,96.18,3009,3030,5,5
227,X25519,80,0,1500,95.9,3009,3030,5,5
228,X25519,80,0,1500,96.83,3009,3030,5,5
229,X25519,80,0,1500,96.26,3009,3030,5,5
230,X25519,80,0,1500,95.98,3009,3030,5,5
231,X25519,80,0,1500,95.81,3009,3030,5,5
232,X25519,80,0,1500,95.91,3009,3030,5,5
233,X25519,80,0,1500,95.74,3009,3030,5,5
234,X25519,80,0,1500,96.74,3009,3030,5,5
235,X25519,80,0,1500,97.41,3009,3030,5,5
236,X25519,80,0,1500,95.97,3009,3030,5,5
237,X25519,80,0,1500,95.6,3009,3030,5,5
238,X25519,80,0,1500,96.77,3009,3030,5,5
239,X25519,80,0,1500,95.86,3009,3030,5,5
240,X25519,80,0,1500,95.7,3009,3030,5,5
241,X25519,80,0,1500,95.93,3009,3030,5,5
242,X25519,80,0,1500,96.03,3009,3030,5,5
243,X25519,80,0,1500,95.29,3009,3030,5,5
244,X25519,80,0,1500,96.07,3009,3030,5,5
245,X25519,80,0,1500,95.58,3009,3030,5,5
246,X25519,80,0,1500,95.78,3009,3030,5,5
247,X25519,80,0,1500,96.06,3009,3030,5,5
248,X25519,80,0,1500,96.95,3009,3030,5,5
249,X25519,80,0,1500,95.82,3009,3030,5,5
250,X25519,80,0,1500,95.44,3009,3030,5,5
251,X25519,80,1,1500,95.44,3009,3030,5,5
252,X25519,80,1,1500,95.61,3009,3030,5,5
253,X25519,80,1,1500,96.25,3009,3030,5,5
254,X25519,80,1,1500,95.62,3009,3030,5,5
255,X25519,80,1,1500,95.44,3009,3030,5,5
256,X25519,80,1,1500,96.28,3009,3030,5,5
257,X25519,80,1,1500,96.22,3009,3030,5,5
258,X25519,80,1,1500,95.84,3089,2004,6,5
259,X25519,80,1,1500,95.99,3009,3030,5,5
260,X25519,80,1,1500,95.76,2937,3030,4,5
261,X25519,80,1,1500,96.1,3009,3030,5,5
262,X25519,80,1,1500,96.52,3009,3030,5,5
263,X25519,80,1,1500,95.76,3009,3101,5,6
264,X25519,80,1,1500,95.48,3009,3030,5,5
265,X25519,80,1,1500,95.63,3009,3030,5,5
266,X25519,80,1,1500,95.26,3009,3030,5,5
267,X25519,80,1,1500,96.04,3009,3030,5,5
268,X25519,80,1,1500,95.67,3009,3030,5,5
269,X25519,80,1,1500,96.71,3009,3030,5,5
270,X25519,80,1,1500,96.0,3009,3030,5,5
271,X25519,80,1,1500,96.05,3009,3030,5,5
272,X25519,80,1,1500,95.76,3009,3030,5,5
273,X25519,80,1,1500,96.01,3009,3030,5,5
274,X25519,80,1,1500,96.88,3295,3455,9,7
275,X25519,80,1,1500,95.95,3009,3030,5,5
276,X25519,80,1,1500,95.68,3009,3030,5,5
277,X25519,80,1,1500,95.98,3009,3030,5,5
278,X25519,80,1,1500,95.53,3009,3030,5,5
279,X25519,80,1,1500,95.6,3009,3030,5,5
280,X25519,80,1,1500,96.4,3009,3030,5,5
281,X25519,80,1,1500,95.68,3009,3030,5,5
282,X25519,80,1,1500,96.0,2999,1933,5,4
283,X25519,80,1,1500,95.92,3009,3030,5,5
284,X25519,80,1,1500,95.85,3056,2764,5,4
285,X25519,80,1,1500,96.02,3009,3030,5,5
286,X25519,80,1,1500,96.25,3009,3030,5,5
287,X25519,80,1,1500,96.11,3009,3030,5,5
288,X25519,80,1,1500,95.62,3009,3030,5,5
289,X25519,80,1,1500,96.55,3009,3029,5,5
290,X25519,80,1,1500,96.12,3009,3030,5,5
291,X25519,80,1,1500,95.86,3009,3030,5,5
292,X25519,80,1,1500,95.75,3009,3029,5,5
293,X25519,80,1,1500,96.12,3009,3030,5,5
294,X25519,80,1,1500,95.87,3009,3030,5,5
295,X25519,80,1,1500,95.68,3009,2960,5,4
296,X25519,80,1,1500,95.77,3009,3030,5,5
297,X25519,80,1,1500,95.93,3009,3030,5,5
298,X25519,80,1,1500,95.74,3009,3029,5,5
299,X25519,80,1,1500,99.5,3009,3030,5,5
300,X25519,80,1,1500,95.84,3009,3030,5,5
301,X25519,80,3,1500,95.99,3009,2960,5,4
302,X25519,80,3,1500,525.61,2484,1242,2,1
303,X25519,80,3,1500,95.65,3085,3030,6,5
304,X25519,80,3,1500,177.52,4251,3380,6,6
305,X25519,80,3,1500,95.33,3009,3030,5,5
306,X25519,80,3,1500,95.53,3009,3030,5,5
307,X25519,80,3,1500,96.17,3009,3030,5,5
308,X25519,80,3,1500,95.5,3009,3030,5,5
309,X25519,80,3,1500,95.65,1767,3029,4,5
310,X25519,80,3,1500,97.06,3009,3030,5,5
311,X25519,80,3,1500,95.94,3009,3030,5,5
312,X25519,80,3,1500,296.66,2937,1592,4,2
313,X25519,80,3,1500,95.6,3009,2955,5,4
314,X25519,80,3,1500,96.03,3009,3030,5,5
315,X25519,80,3,1500,95.77,3009,3030,5,5
316,X25519,80,3,1500,95.81,3009,3029,5,5
317,X25519,80,3,1500,95.7,3009,3030,5,5
318,X25519,80,3,1500,95.79,3009,3030,5,5
319,X25519,80,3,1500,95.6,2937,3029,4,5
320,X25519,80,3,1500,95.89,3012,2004,5,5
321,X25519,80,3,1500,96.57,3009,3030,5,5
322,X25519,80,3,1500,96.1,3009,3101,5,6
323,X25519,80,3,1500,95.43,3009,3030,5,5
324,X25519,80,3,1500,95.48,3009,3030,5,5
325,X25519,80,3,1500,95.61,2928,1933,4,4
326,X25519,80,3,1500,95.83,3009,3030,5,5
327,X25519,80,3,1500,95.66,3009,3030,5,5
328,X25519,80,3,1500,96.87,3009,3030,5,5
329,X25519,80,3,1500,95.39,3009,3030,5,5
330,X25519,80,3,1500,95.69,3009,3101,5,6
331,X25519,80,3,1500,95.94,3009,3030,5,5
332,X25519,80,3,1500,177.31,4251,3379,6,6
333,X25519,80,3,1500,96.56,3009,3030,5,5
334,X25519,80,3,1500,325.06,3292,3195,9,7
335,X25519,80,3,1500,95.7,3009,3030,5,5
336,X25519,80,3,1500,95.88,3009,3030,5,5
337,X25519,80,3,1500,325.3,3026,1682,5,3
338,X25519,80,3,1500,95.52,3009,3030,5,5
339,X25519,80,3,1500,95.43,3009,3030,5,5
340,X25519,80,3,1500,96.09,3009,3030,5,5
341,X25519,80,3,1500,95.56,3009,3101,5,6
342,X25519,80,3,1500,95.43,3009,3030,5,5
343,X25519,80,3,1500,95.93,3009,2955,5,4
344,X25519,80,3,1500,95.7,3009,3030,5,5
345,X25519,80,3,1500,95.2,3009,3030,5,5
346,X25519,80,3,1500,96.58,2937,3107,4,6
347,X25519,80,3,1500,95.49,3009,3101,5,6
348,X25519,80,3,1500,95.38,3009,3030,5,5
349,X25519,80,3,1500,95.88,3009,3101,5,6
350,X25519,80,3,1500,96.3,3009,3030,5,5
351,X25519,80,5,1500,96.16,3056,2764,5,4
352,X25519,80,5,1500,96.28,3009,3030,5,5
353,X25519,80,5,1500,96.56,3009,3030,5,5
354,X25519,80,5,1500,96.07,3009,3030,5,5
355,X25519,80,5,1500,95.9,3009,3030,5,5
356,X25519,80,5,1500,95.92,3009,3030,5,5
357,X25519,80,5,1500,95.54,3009,3030,5,5
358,X25519,80,5,1500,95.75,3009,3030,5,5
359,X25519,80,5,1500,325.08,3026,1592,5,2
360,X25519,80,5,1500,96.35,3009,3030,5,5
361,X25519,80,5,1500,96.26,2937,3101,4,6
362,X25519,80,5,1500,95.94,3009,3030,5,5
363,X25519,80,5,1500,177.29,4171,2282,5,5
364,X25519,80,5,1500,95.75,3009,3101,5,6
365,X25519,80,5,1500,95.81,3009,3030,5,5
366,X25519,80,5,1500,95.97,3295,3526,9,8
367,X25519,80,5,1500,377.75,4537,3803,10,8
368,X25519,80,5,1500,95.35,3009,3101,5,6
369,X25519,80,5,1500,95.81,3009,3030,5,5
370,X25519,80,5,1500,325.38,3026,1682,5,3
371,X25519,80,5,1500,95.74,3366,3606,10,9
372,X25519,80,5,1500,96.41,3009,3030,5,5
373,X25519,80,5,1500,95.83,3009,3029,5,5
374,X25519,80,5,1500,96.07,3009,3030,5,5
375,X25519,80,5,1500,96.22,3009,3030,5,5
376,X25519,80,5,1500,95.64,3009,3029,5,5
377,X25519,80,5,1500,96.25,3009,3030,5,5
378,X25519,80,5,1500,95.76,3009,3030,5,5
379,X25519,80,5,1500,96.21,1770,1858,4,3
380,X25519,80,5,1500,95.92,3009,3030,5,5
381,X25519,80,5,1500,296.58,1695,1592,3,2
382,X25519,80,5,1500,97.18,3009,3030,5,5
383,X25519,80,5,1500,406.25,4273,2646,9,6
384,X25519,80,5,1500,95.48,3009,3030,5,5
385,X25519,80,5,1500,96.8,3009,3030,5,5
386,X25519,80,5,1500,176.81,4251,3379,6,6
387,X25519,80,5,1500,96.13,3009,3030,5,5
388,X25519,80,5,1500,176.86,4251,3378,6,6
389,X25519,80,5,1500,95.79,3009,3030,5,5
390,X25519,80,5,1500,405.6,3726,1592,3,2
391,X25519,80,5,1500,95.83,3009,3029,5,5
392,X25519,80,5,1500,96.7,3009,3030,5,5
393,X25519,80,5,1500,95.51,3009,3030,5,5
394,X25519,80,5,1500,95.74,3086,3029,6,5
395,X25519,80,5,1500,95.58,3009,3030,5,5
396,X25519,80,5,1500,95.58,3205,3105,8,6
397,X25519,80,5,1500,95.93,2937,3026,4,5
398,X25519,80,5,1500,95.78,3009,3030,5,5
399,X25519,80,5,1500,95.88,1767,3029,4,5
400,X25519,80,5,1500,96.35,3009,3101,5,6
401,X25519,160,0,1500,175.78,3009,3030,5,5
402,X25519,160,0,1500,175.95,3009,3101,5,6
403,X25519,160,0,1500,175.98,3009,3030,5,5
404,X25519,160,0,1500,175.83,3009,3030,5,5
405,X25519,160,0,1500,175.88,3009,3030,5,5
406,X25519,160,0,1500,176.08,3009,3101,5,6
407,X25519,160,0,1500,175.93,3009,3030,5,5
408,X25519,160,0,1500,175.9,3009,3030,5,5
409,X25519,160,0,1500,176.03,3009,3030,5,5
410,X25519,160,0,1500,175.63,3009,3030,5,5
411,X25519,160,0,1500,176.42,3009,3030,5,5
412,X25519,160,0,1500,176.43,3009,3030,5,5
413,X25519,160,0,1500,175.79,3009,3030,5,5
414,X25519,160,0,1500,176.1,3009,3101,5,6
415,X25519,160,0,1500,176.17,3009,3030,5,5
416,X25519,160,0,1500,175.96,3009,3030,5,5
417,X25519,160,0,1500,176.61,3009,3030,5,5
418,X25519,160,0,1500,177.38,3009,3030,5,5
419,X25519,160,0,1500,175.95,3009,3030,5,5
420,X25519,160,0,1500,176.03,3009,3030,5,5
421,X25519,160,0,1500,176.22,3009,2960,5,4
422,X25519,160,0,1500,176.51,3009,3030,5,5
423,X25519,160,0,1500,175.93,3009,3030,5,5
424,X25519,160,0,1500,175.87,3009,3029,5,5
425,X25519,160,0,1500,175.74,3009,3030,5,5
426,X25519,160,0,1500,175.68,3009,3030,5,5
427,X25519,160,0,1500,175.83,3009,3029,5,5
428,X25519,160,0,1500,176.16,3009,3030,5,5
429,X25519,160,0,1500,175.76,3009,3030,5,5
430,X25519,160,0,1500,175.87,3009,2960,5,4
431,X25519,160,0,1500,175.8,3009,3030,5,5
432,X25519,160,0,1500,175.82,3009,3030,5,5
433,X25519,160,0,1500,176.75,3009,3029,5,5
434,X25519,160,0,1500,175.83,3009,3030,5,5
435,X25519,160,0,1500,175.69,3009,3030,5,5
436,X25519,160,0,1500,175.6,3009,2960,5,4
437,X25519,160,0,1500,175.73,3009,3030,5,5
438,X25519,160,0,1500,176.06,3009,3030,5,5
439,X25519,160,0,1500,175.74,3009,2960,5,4
440,X25519,160,0,1500,175.6,3009,3030,5,5
441,X25519,160,0,1500,175.61,3009,3030,5,5
442,X25519,160,0,1500,176.11,3009,2960,5,4
443,X25519,160,0,1500,176.12,3009,3030,5,5
444,X25519,160,0,1500,175.79,3009,3030,5,5
445,X25519,160,0,1500,175.78,3009,3029,5,5
446,X25519,160,0,1500,176.55,3009,3030,5,5
447,X25519,160,0,1500,175.61,3009,3030,5,5
448,X25519,160,0,1500,175.65,3009,2960,5,4
449,X25519,160,0,1500,176.57,3009,3030,5,5
450,X25519,160,0,1500,175.64,3009,3030,5,5
451,X25519,160,1,1500,176.59,3009,2960,5,4
452,X25519,160,1,1500,175.75,3009,3030,5,5
453,X25519,160,1,1500,176.07,3009,3030,5,5
454,X25519,160,1,1500,177.28,3009,3030,5,5
455,X25519,160,1,1500,175.81,3009,3030,5,5
456,X25519,160,1,1500,175.95,3009,3030,5,5
457,X25519,160,1,1500,175.81,3009,2960,5,4
458,X25519,160,1,1500,175.85,3009,3030,5,5
459,X25519,160,1,1500,175.72,3009,3030,5,5
460,X25519,160,1,1500,176.01,2937,3031,4,5
461,X25519,160,1,1500,175.8,3009,3101,5,6
462,X25519,160,1,1500,175.68,3009,3101,5,6
463,X25519,160,1,1500,176.26,3009,3030,5,5
464,X25519,160,1,1500,175.73,3009,3101,5,6
465,X25519,160,1,1500,175.98,3009,3030,5,5
466,X25519,160,1,1500,176.34,3009,3030,5,5
467,X25519,160,1,1500,175.87,3009,3030,5,5
468,X25519,160,1,1500,175.74,3009,3030,5,5
469,X25519,160,1,1500,175.91,3009,3030,5,5
470,X25519,160,1,1500,175.97,3009,3030,5,5
471,X25519,160,1,1500,175.79,3009,3030,5,5
472,X25519,160,1,1500,176.12,3154,3180,7,7
473,X25519,160,1,1500,176.02,3009,3030,5,5
474,X25519,160,1,1500,176.29,3009,3030,5,5
475,X25519,160,1,1500,176.44,3009,3101,5,6
476,X25519,160,1,1500,176.04,3009,3030,5,5
477,X25519,160,1,1500,175.96,2937,3101,4,6
478,X25519,160,1,1500,176.23,3009,3101,5,6
479,X25519,160,1,1500,175.93,3009,3030,5,5
480,X25519,160,1,1500,175.85,3009,3030,5,5
481,X25519,160,1,1500,177.34,3009,3030,5,5
482,X25519,160,1,1500,176.93,1767,3029,4,5
483,X25519,160,1,1500,175.94,3009,3030,5,5
484,X25519,160,1,1500,176.54,3009,3030,5,5
485,X25519,160,1,1500,175.74,3009,3030,5,5
486,X25519,160,1,1500,175.67,3009,3030,5,5
487,X25519,160,1,1500,175.83,3009,3030,5,5
488,X25519,160,1,1500,175.8,3009,3030,5,5
489,X25519,160,1,1500,175.72,3009,3030,5,5
490,X25519,160,1,1500,177.13,3009,3030,5,5
491,X25519,160,1,1500,175.63,3009,3030,5,5
492,X25519,160,1,1500,175.57,3009,3101,5,6
493,X25519,160,1,1500,175.96,3009,3030,5,5
494,X25519,160,1,1500,175.4,3056,2764,5,4
495,X25519,160,1,1500,176.05,3154,3180,7,7
496,X25519,160,1,1500,175.7,3009,3030,5,5
497,X25519,160,1,1500,175.51,3009,3030,5,5
498,X25519,160,1,1500,175.75,3009,3030,5,5
499,X25519,160,1,1500,175.96,3009,3030,5,5
500,X25519,160,1,1500,175.55,3009,3030,5,5
501,X25519,160,3,1500,175.86,3009,3030,5,5
502,X25519,160,3,1500,175.92,3009,3030,5,5
503,X25519,160,3,1500,175.7,3009,3030,5,5
504,X25519,160,3,1500,377.49,3009,3030,5,5
505,X25519,160,3,1500,176.47,3009,3030,5,5
506,X25519,160,3,1500,175.75,3009,3030,5,5
507,X25519,160,3,1500,376.45,3009,3030,5,5
508,X25519,160,3,1500,176.47,3295,3455,9,7
509,X25519,160,3,1500,175.75,3009,3030,5,5
510,X25519,160,3,1500,176.16,3009,3030,5,5
511,X25519,160,3,1500,176.24,2937,2835,4,5
512,X25519,160,3,1500,175.66,3085,3101,6,6
513,X25519,160,3,1500,176.34,3009,3101,5,6
514,X25519,160,3,1500,176.68,3009,3030,5,5
515,X25519,160,3,1500,175.51,3009,3030,5,5
516,X25519,160,3,1500,175.63,3009,3030,5,5
517,X25519,160,3,1500,606.18,3145,2854,6,5
518,X25519,160,3,1500,376.82,3009,3030,5,5
519,X25519,160,3,1500,175.78,3009,3030,5,5
520,X25519,160,3,1500,176.04,2937,3101,4,6
521,X25519,160,3,1500,175.88,3009,3101,5,6
522,X25519,160,3,1500,175.78,3009,3101,5,6
523,X25519,160,3,1500,175.88,2937,2835,4,5
524,X25519,160,3,1500,175.72,3009,3101,5,6
525,X25519,160,3,1500,375.4,1861,4337,5,7
526,X25519,160,3,1500,177.12,3009,3101,5,6
527,X25519,160,3,1500,175.71,3009,3030,5,5
528,X25519,160,3,1500,175.95,3009,3030,5,5
529,X25519,160,3,1500,176.07,3009,3030,5,5
530,X25519,160,3,1500,175.78,3009,3101,5,6
531,X25519,160,3,1500,175.96,3009,3030,5,5
532,X25519,160,3,1500,176.23,3009,3030,5,5
533,X25519,160,3,1500,176.18,3009,3030,5,5
534,X25519,160,3,1500,176.38,3009,3030,5,5
535,X25519,160,3,1500,176.19,3009,3101,5,6
536,X25519,160,3,1500,175.84,3009,3030,5,5
537,X25519,160,3,1500,176.0,3009,3030,5,5
538,X25519,160,3,1500,176.02,3009,3101,5,6
539,X25519,160,3,1500,175.71,3009,3030,5,5
540,X25519,160,3,1500,175.86,3154,3180,7,7
541,X25519,160,3,1500,176.2,3009,3030,5,5
542,X25519,160,3,1500,175.95,3009,3030,5,5
543,X25519,160,3,1500,175.88,3009,3030,5,5
544,X25519,160,3,1500,337.72,4251,3309,6,5
545,X25519,160,3,1500,176.67,3009,3030,5,5
546,X25519,160,3,1500,176.01,3056,2764,5,4
547,X25519,160,3,1500,176.15,3009,2960,5,4
548,X25519,160,3,1500,606.23,3098,3120,6,6
549,X25519,160,3,1500,176.19,3009,3030,5,5
550,X25519,160,3,1500,175.82,3009,2960,5,4
551,X25519,160,5,1500,376.3,3154,3180,7,7
552,X25519,160,5,1500,175.88,3085,3030,6,5
553,X25519,160,5,1500,175.81,2937,3100,4,6
554,X25519,160,5,1500,175.9,3009,3101,5,6
555,X25519,160,5,1500,176.98,3009,3101,5,6
556,X25519,160,5,1500,176.34,3295,3526,9,8
557,X25519,160,5,1500,806.85,3011,3030,5,5
558,X25519,160,5,1500,175.9,1767,3029,4,5
559,X25519,160,5,1500,176.28,3056,2764,5,4
560,X25519,160,5,1500,606.35,3098,3190,6,7
561,X25519,160,5,1500,175.98,3009,3030,5,5
562,X25519,160,5,1500,177.23,3009,3030,5,5
563,X25519,160,5,1500,175.76,3009,3030,5,5
564,X25519,160,5,1500,175.93,3056,2764,5,4
565,X25519,160,5,1500,807.32,3098,3045,6,5
566,X25519,160,5,1500,175.75,3056,2764,5,4
567,X25519,160,5,1500,175.68,3161,3172,7,7
568,X25519,160,5,1500,176.05,3009,3029,5,5
569,X25519,160,5,1500,175.94,3009,3030,5,5
570,X25519,160,5,1500,175.96,3009,3030,5,5
571,X25519,160,5,1500,175.76,3009,3030,5,5
572,X25519,160,5,1500,175.87,2937,3101,4,6
573,X25519,160,5,1500,175.7,3009,3101,5,6
574,X25519,160,5,1500,176.27,3009,3101,5,6
575,X25519,160,5,1500,175.72,3056,2764,5,4
576,X25519,160,5,1500,176.03,3009,3030,5,5
577,X25519,160,5,1500,177.17,3009,3030,5,5
578,X25519,160,5,1500,176.3,3085,3030,6,5
579,X25519,160,5,1500,175.96,3009,3030,5,5
580,X25519,160,5,1500,176.07,2937,3101,4,6
581,X25519,160,5,1500,175.73,3009,3101,5,6
582,X25519,160,5,1500,175.7,3089,3243,6,8
583,X25519,160,5,1500,176.1,2937,3172,4,7
584,X25519,160,5,1500,176.28,3009,3026,5,5
585,X25519,160,5,1500,175.47,3009,3172,5,7
586,X25519,160,5,1500,537.38,4251,3304,6,5
587,X25519,160,5,1500,175.89,3009,3172,5,7
588,X25519,160,5,1500,175.79,3009,3100,5,6
589,X25519,160,5,1500,175.88,3009,3030,5,5
590,X25519,160,5,1500,175.89,3009,3030,5,5
591,X25519,160,5,1500,175.93,3085,3030,6,5
592,X25519,160,5,1500,175.85,3009,3030,5,5
593,X25519,160,5,1500,176.06,3009,3030,5,5
594,X25519,160,5,1500,175.94,3009,3101,5,6
595,X25519,160,5,1500,176.5,1767,3100,4,6
596,X25519,160,5,1500,175.98,3009,2955,5,4
597,X25519,160,5,1500,177.85,3009,3030,5,5
598,X25519,160,5,1500,176.4,3009,3101,5,6
599,X25519,160,5,1500,175.86,3009,3030,5,5
600,X25519,160,5,1500,176.05,3009,3030,5,5
601,ML-KEM-512,20,0,1500,35.26,0,0,0,0
602,ML-KEM-512,20,0,1500,35.35,0,0,0,0
603,ML-KEM-512,20,0,1500,35.25,0,0,0,0
604,ML-KEM-512,20,0,1500,35.33,0,0,0,0
605,ML-KEM-512,20,0,1500,35.58,0,0,0,0
606,ML-KEM-512,20,0,1500,35.18,0,0,0,0
607,ML-KEM-512,20,0,1500,35.49,0,0,0,0
608,ML-KEM-512,20,0,1500,36.07,0,0,0,0
609,ML-KEM-512,20,0,1500,37.02,0,0,0,0
610,ML-KEM-512,20,0,1500,35.68,0,0,0,0
611,ML-KEM-512,20,0,1500,35.49,0,0,0,0
612,ML-KEM-512,20,0,1500,36.04,0,0,0,0
613,ML-KEM-512,20,0,1500,35.52,0,0,0,0
614,ML-KEM-512,20,0,1500,35.31,0,0,0,0
615,ML-KEM-512,20,0,1500,36.28,0,0,0,0
616,ML-KEM-512,20,0,1500,35.17,0,0,0,0
617,ML-KEM-512,20,0,1500,35.34,0,0,0,0
618,ML-KEM-512,20,0,1500,35.55,0,0,0,0
619,ML-KEM-512,20,0,1500,35.37,0,0,0,0
620,ML-KEM-512,20,0,1500,35.42,0,0,0,0
621,ML-KEM-512,20,0,1500,36.06,0,0,0,0
622,ML-KEM-512,20,0,1500,35.35,0,0,0,0
623,ML-KEM-512,20,0,1500,35.2,0,0,0,0
624,ML-KEM-512,20,0,1500,36.18,0,0,0,0
625,ML-KEM-512,20,0,1500,35.78,0,0,0,0
626,ML-KEM-512,20,0,1500,35.11,0,0,0,0
627,ML-KEM-512,20,0,1500,35.64,0,0,0,0
628,ML-KEM-512,20,0,1500,35.27,0,0,0,0
629,ML-KEM-512,20,0,1500,35.05,0,0,0,0
630,ML-KEM-512,20,0,1500,35.9,0,0,0,0
631,ML-KEM-512,20,0,1500,35.44,0,0,0,0
632,ML-KEM-512,20,0,1500,35.46,0,0,0,0
633,ML-KEM-512,20,0,1500,37.82,0,0,0,0
634,ML-KEM-512,20,0,1500,35.31,0,0,0,0
635,ML-KEM-512,20,0,1500,35.17,0,0,0,0
636,ML-KEM-512,20,0,1500,35.6,0,0,0,0
637,ML-KEM-512,20,0,1500,35.38,0,0,0,0
638,ML-KEM-512,20,0,1500,35.75,0,0,0,0
639,ML-KEM-512,20,0,1500,35.92,0,0,0,0
640,ML-KEM-512,20,0,1500,35.93,0,0,0,0
641,ML-KEM-512,20,0,1500,36.22,0,0,0,0
642,ML-KEM-512,20,0,1500,35.63,0,0,0,0
643,ML-KEM-512,20,0,1500,35.3,0,0,0,0
644,ML-KEM-512,20,0,1500,35.6,0,0,0,0
645,ML-KEM-512,20,0,1500,35.65,0,0,0,0
646,ML-KEM-512,20,0,1500,35.56,0,0,0,0
647,ML-KEM-512,20,0,1500,35.41,0,0,0,0
648,ML-KEM-512,20,0,1500,35.61,0,0,0,0
649,ML-KEM-512,20,0,1500,35.77,0,0,0,0
650,ML-KEM-512,20,0,1500,35.68,0,0,0,0
651,ML-KEM-512,20,1,1500,36.15,0,0,0,0
652,ML-KEM-512,20,1,1500,35.84,0,0,0,0
653,ML-KEM-512,20,1,1500,36.25,0,0,0,0
654,ML-KEM-512,20,1,1500,35.51,0,0,0,0
655,ML-KEM-512,20,1,1500,35.51,0,0,0,0
656,ML-KEM-512,20,1,1500,35.29,0,0,0,0
657,ML-KEM-512,20,1,1500,35.6,0,0,0,0
658,ML-KEM-512,20,1,1500,35.43,0,0,0,0
659,ML-KEM-512,20,1,1500,35.25,0,0,0,0
660,ML-KEM-512,20,1,1500,35.54,0,0,0,0
661,ML-KEM-512,20,1,1500,35.39,0,0,0,0
662,ML-KEM-512,20,1,1500,35.29,0,0,0,0
663,ML-KEM-512,20,1,1500,35.8,0,0,0,0
664,ML-KEM-512,20,1,1500,35.51,0,0,0,0
665,ML-KEM-512,20,1,1500,59.31,0,0,0,0
666,ML-KEM-512,20,1,1500,35.9,0,0,0,0
667,ML-KEM-512,20,1,1500,36.28,0,0,0,0
668,ML-KEM-512,20,1,1500,35.19,0,0,0,0
669,ML-KEM-512,20,1,1500,36.55,0,0,0,0
670,ML-KEM-512,20,1,1500,35.41,0,0,0,0
671,ML-KEM-512,20,1,1500,35.94,0,0,0,0
672,ML-KEM-512,20,1,1500,37.24,0,0,0,0
673,ML-KEM-512,20,1,1500,36.26,0,0,0,0
674,ML-KEM-512,20,1,1500,35.29,0,0,0,0
675,ML-KEM-512,20,1,1500,35.39,0,0,0,0
676,ML-KEM-512,20,1,1500,35.46,0,0,0,0
677,ML-KEM-512,20,1,1500,35.35,0,0,0,0
678,ML-KEM-512,20,1,1500,113.17,4338,3211,7,7
679,ML-KEM-512,20,1,1500,35.14,0,0,0,0
680,ML-KEM-512,20,1,1500,35.83,0,0,0,0
681,ML-KEM-512,20,1,1500,35.57,0,0,0,0
682,ML-KEM-512,20,1,1500,35.16,0,0,0,0
683,ML-KEM-512,20,1,1500,35.28,0,0,0,0
684,ML-KEM-512,20,1,1500,35.61,0,0,0,0
685,ML-KEM-512,20,1,1500,35.34,0,0,0,0
686,ML-KEM-512,20,1,1500,35.37,0,0,0,0
687,ML-KEM-512,20,1,1500,35.58,0,0,0,0
688,ML-KEM-512,20,1,1500,35.26,0,0,0,0
689,ML-KEM-512,20,1,1500,35.22,0,0,0,0
690,ML-KEM-512,20,1,1500,35.44,0,0,0,0
691,ML-KEM-512,20,1,1500,35.53,0,0,0,0
692,ML-KEM-512,20,1,1500,35.58,0,0,0,0
693,ML-KEM-512,20,1,1500,35.41,0,0,0,0
694,ML-KEM-512,20,1,1500,35.55,0,0,0,0
695,ML-KEM-512,20,1,1500,35.23,0,0,0,0
696,ML-KEM-512,20,1,1500,36.25,0,0,0,0
697,ML-KEM-512,20,1,1500,35.21,0,0,0,0
698,ML-KEM-512,20,1,1500,35.49,0,0,0,0
699,ML-KEM-512,20,1,1500,35.47,0,0,0,0
700,ML-KEM-512,20,1,1500,35.15,0,0,0,0
701,ML-KEM-512,20,3,1500,35.04,4612,3616,11,9
702,ML-KEM-512,20,3,1500,35.56,0,0,0,0
703,ML-KEM-512,20,3,1500,36.07,0,0,0,0
704,ML-KEM-512,20,3,1500,35.69,4396,3271,8,8
705,ML-KEM-512,20,3,1500,37.78,0,0,0,0
706,ML-KEM-512,20,3,1500,36.1,0,0,0,0
707,ML-KEM-512,20,3,1500,35.37,0,0,0,0
708,ML-KEM-512,20,3,1500,36.93,0,0,0,0
709,ML-KEM-512,20,3,1500,35.98,0,0,0,0
710,ML-KEM-512,20,3,1500,35.3,0,0,0,0
711,ML-KEM-512,20,3,1500,36.63,0,0,0,0
712,ML-KEM-512,20,3,1500,35.68,0,0,0,0
713,ML-KEM-512,20,3,1500,35.7,0,0,0,0
714,ML-KEM-512,20,3,1500,36.42,0,0,0,0
715,ML-KEM-512,20,3,1500,36.2,4251,3030,6,5
716,ML-KEM-512,20,3,1500,35.77,0,0,0,0
717,ML-KEM-512,20,3,1500,35.75,0,0,0,0
718,ML-KEM-512,20,3,1500,35.48,0,0,0,0
719,ML-KEM-512,20,3,1500,35.79,0,0,0,0
720,ML-KEM-512,20,3,1500,35.77,0,0,0,0
721,ML-KEM-512,20,3,1500,35.41,4251,2955,6,4
722,ML-KEM-512,20,3,1500,35.43,0,0,0,0
723,ML-KEM-512,20,3,1500,35.62,0,0,0,0
724,ML-KEM-512,20,3,1500,35.2,0,0,0,0
725,ML-KEM-512,20,3,1500,35.53,0,0,0,0
726,ML-KEM-512,20,3,1500,36.46,0,0,0,0
727,ML-KEM-512,20,3,1500,35.67,0,0,0,0
728,ML-KEM-512,20,3,1500,35.44,0,0,0,0
729,ML-KEM-512,20,3,1500,35.72,0,0,0,0
730,ML-KEM-512,20,3,1500,124.49,4251,3123,6,6
731,ML-KEM-512,20,3,1500,35.43,0,0,0,0
732,ML-KEM-512,20,3,1500,35.61,0,0,0,0
733,ML-KEM-512,20,3,1500,35.89,0,0,0,0
734,ML-KEM-512,20,3,1500,35.9,0,0,0,0
735,ML-KEM-512,20,3,1500,36.91,0,0,0,0
736,ML-KEM-512,20,3,1500,35.6,0,0,0,0
737,ML-KEM-512,20,3,1500,36.58,0,0,0,0
738,ML-KEM-512,20,3,1500,125.73,4251,3123,6,6
739,ML-KEM-512,20,3,1500,35.6,0,0,0,0
740,ML-KEM-512,20,3,1500,35.45,4396,3271,8,8
741,ML-KEM-512,20,3,1500,37.08,0,0,0,0
742,ML-KEM-512,20,3,1500,35.82,4396,3271,8,8
743,ML-KEM-512,20,3,1500,35.6,0,0,0,0
744,ML-KEM-512,20,3,1500,50.0,0,0,0,0
745,ML-KEM-512,20,3,1500,35.38,0,0,0,0
746,ML-KEM-512,20,3,1500,35.3,4537,3546,10,8
747,ML-KEM-512,20,3,1500,35.34,0,0,0,0
748,ML-KEM-512,20,3,1500,35.69,0,0,0,0
749,ML-KEM-512,20,3,1500,35.47,0,0,0,0
750,ML-KEM-512,20,3,1500,35.69,0,0,0,0
751,ML-KEM-512,20,5,1500,35.37,0,0,0,0
752,ML-KEM-512,20,5,1500,113.84,4338,3211,7,7
753,ML-KEM-512,20,5,1500,35.81,0,0,0,0
754,ML-KEM-512,20,5,1500,35.82,0,0,0,0
755,ML-KEM-512,20,5,1500,36.16,4537,3546,10,8
756,ML-KEM-512,20,5,1500,36.04,0,0,0,0
757,ML-KEM-512,20,5,1500,35.66,0,0,0,0
758,ML-KEM-512,20,5,1500,148.93,7977,4798,9,9
759,ML-KEM-512,20,5,1500,35.44,0,0,0,0
760,ML-KEM-512,20,5,1500,59.76,5493,4343,7,7
761,ML-KEM-512,20,5,1500,59.85,0,0,0,0
762,ML-KEM-512,20,5,1500,36.57,0,0,0,0
763,ML-KEM-512,20,5,1500,35.55,0,0,0,0
764,ML-KEM-512,20,5,1500,35.54,0,0,0,0
765,ML-KEM-512,20,5,1500,35.63,4396,3343,8,9
766,ML-KEM-512,20,5,1500,35.3,0,0,0,0
767,ML-KEM-512,20,5,1500,148.56,5493,4274,7,6
768,ML-KEM-512,20,5,1500,35.45,0,0,0,0
769,ML-KEM-512,20,5,1500,36.0,0,0,0,0
770,ML-KEM-512,20,5,1500,36.0,0,0,0,0
771,ML-KEM-512,20,5,1500,256.95,7977,3980,9,10
772,ML-KEM-512,20,5,1500,35.71,0,0,0,0
773,ML-KEM-512,20,5,1500,35.66,0,0,0,0
774,ML-KEM-512,20,5,1500,56.42,0,0,0,0
775,ML-KEM-512,20,5,1500,35.42,0,0,0,0
776,ML-KEM-512,20,5,1500,37.22,4364,3546,8,8
777,ML-KEM-512,20,5,1500,56.66,5689,3894,10,9
778,ML-KEM-512,20,5,1500,35.88,0,0,0,0
779,ML-KEM-512,20,5,1500,36.39,0,0,0,0
780,ML-KEM-512,20,5,1500,35.64,0,0,0,0
781,ML-KEM-512,20,5,1500,35.67,0,0,0,0
782,ML-KEM-512,20,5,1500,36.2,0,0,0,0
783,ML-KEM-512,20,5,1500,56.2,0,0,0,0
784,ML-KEM-512,20,5,1500,303.07,3012,2026,5,5
785,ML-KEM-512,20,5,1500,35.68,0,0,0,0
786,ML-KEM-512,20,5,1500,124.68,4251,3123,6,6
787,ML-KEM-512,20,5,1500,35.28,4251,3030,6,5
788,ML-KEM-512,20,5,1500,36.27,0,0,0,0
789,ML-KEM-512,20,5,1500,35.27,0,0,0,0
790,ML-KEM-512,20,5,1500,35.4,0,0,0,0
791,ML-KEM-512,20,5,1500,35.39,0,0,0,0
792,ML-KEM-512,20,5,1500,35.53,0,0,0,0
793,ML-KEM-512,20,5,1500,35.5,0,0,0,0
794,ML-KEM-512,20,5,1500,35.74,0,0,0,0
795,ML-KEM-512,20,5,1500,35.59,0,0,0,0
796,ML-KEM-512,20,5,1500,36.17,0,0,0,0
797,ML-KEM-512,20,5,1500,36.68,0,0,0,0
798,ML-KEM-512,20,5,1500,35.67,0,0,0,0
799,ML-KEM-512,20,5,1500,747.48,4968,1229,4,5
800,ML-KEM-512,20,5,1500,35.58,0,0,0,0
801,ML-KEM-512,80,0,1500,96.26,4251,3121,6,6
802,ML-KEM-512,80,0,1500,95.6,4251,3192,6,7
803,ML-KEM-512,80,0,1500,95.85,4251,3122,6,6
804,ML-KEM-512,80,0,1500,95.66,4251,3121,6,6
805,ML-KEM-512,80,0,1500,95.55,4251,3121,6,6
806,ML-KEM-512,80,0,1500,95.87,4251,3122,6,6
807,ML-KEM-512,80,0,1500,95.67,4251,3121,6,6
808,ML-KEM-512,80,0,1500,95.44,4251,3121,6,6
809,ML-KEM-512,80,0,1500,95.77,4251,3122,6,6
810,ML-KEM-512,80,0,1500,95.76,4251,3121,6,6
811,ML-KEM-512,80,0,1500,95.45,4251,3121,6,6
812,ML-KEM-512,80,0,1500,96.71,4251,3122,6,6
813,ML-KEM-512,80,0,1500,95.67,4251,3121,6,6
814,ML-KEM-512,80,0,1500,95.79,4251,3121,6,6
815,ML-KEM-512,80,0,1500,95.48,4251,3120,6,6
816,ML-KEM-512,80,0,1500,95.75,4251,3121,6,6
817,ML-KEM-512,80,0,1500,95.61,4251,3121,6,6
818,ML-KEM-512,80,0,1500,95.56,4251,3121,6,6
819,ML-KEM-512,80,0,1500,95.44,4251,3121,6,6
820,ML-KEM-512,80,0,1500,95.21,4251,3121,6,6
821,ML-KEM-512,80,0,1500,95.62,4251,3121,6,6
822,ML-KEM-512,80,0,1500,95.48,4251,3121,6,6
823,ML-KEM-512,80,0,1500,95.44,4251,3121,6,6
824,ML-KEM-512,80,0,1500,96.19,4251,3121,6,6
825,ML-KEM-512,80,0,1500,95.98,4251,3121,6,6
826,ML-KEM-512,80,0,1500,96.14,4251,3121,6,6
827,ML-KEM-512,80,0,1500,95.77,4251,3121,6,6
828,ML-KEM-512,80,0,1500,95.84,4251,3121,6,6
829,ML-KEM-512,80,0,1500,95.74,4251,3121,6,6
830,ML-KEM-512,80,0,1500,95.84,4251,3121,6,6
831,ML-KEM-512,80,0,1500,95.61,4251,3121,6,6
832,ML-KEM-512,80,0,1500,95.78,4251,3121,6,6
833,ML-KEM-512,80,0,1500,96.62,4251,3121,6,6
834,ML-KEM-512,80,0,1500,95.6,4251,3121,6,6
835,ML-KEM-512,80,0,1500,95.36,4251,3121,6,6
836,ML-KEM-512,80,0,1500,95.98,4251,3121,6,6
837,ML-KEM-512,80,0,1500,95.64,4251,3121,6,6
838,ML-KEM-512,80,0,1500,95.63,4251,3121,6,6
839,ML-KEM-512,80,0,1500,95.84,4251,3121,6,6
840,ML-KEM-512,80,0,1500,96.35,4251,3121,6,6
841,ML-KEM-512,80,0,1500,95.35,4251,3121,6,6
842,ML-KEM-512,80,0,1500,96.36,4251,3121,6,6
843,ML-KEM-512,80,0,1500,96.18,4251,3121,6,6
844,ML-KEM-512,80,0,1500,95.56,4251,3121,6,6
845,ML-KEM-512,80,0,1500,95.66,4251,3121,6,6
846,ML-KEM-512,80,0,1500,95.67,4251,3121,6,6
847,ML-KEM-512,80,0,1500,95.44,4251,3121,6,6
848,ML-KEM-512,80,0,1500,96.96,4251,3122,6,6
849,ML-KEM-512,80,0,1500,95.65,4251,3121,6,6
850,ML-KEM-512,80,0,1500,95.49,4251,3121,6,6
851,ML-KEM-512,80,1,1500,96.0,4251,3122,6,6
852,ML-KEM-512,80,1,1500,95.47,4251,3121,6,6
853,ML-KEM-512,80,1,1500,95.73,4251,3121,6,6
854,ML-KEM-512,80,1,1500,96.06,4251,3121,6,6
855,ML-KEM-512,80,1,1500,95.6,4251,3121,6,6
856,ML-KEM-512,80,1,1500,95.72,4251,3121,6,6
857,ML-KEM-512,80,1,1500,96.12,4251,3121,6,6
858,ML-KEM-512,80,1,1500,324.19,4266,1773,6,4
859,ML-KEM-512,80,1,1500,95.69,4251,3121,6,6
860,ML-KEM-512,80,1,1500,95.89,4251,3121,6,6
861,ML-KEM-512,80,1,1500,95.08,4251,3121,6,6
862,ML-KEM-512,80,1,1500,95.4,4251,3121,6,6
863,ML-KEM-512,80,1,1500,95.73,3809,2033,4,4
864,ML-KEM-512,80,1,1500,95.88,4251,3121,6,6
865,ML-KEM-512,80,1,1500,96.62,4251,3121,6,6
866,ML-KEM-512,80,1,1500,95.81,4251,3121,6,6
867,ML-KEM-512,80,1,1500,95.21,4254,2024,6,5
868,ML-KEM-512,80,1,1500,95.4,4251,3121,6,6
869,ML-KEM-512,80,1,1500,95.83,4251,3121,6,6
870,ML-KEM-512,80,1,1500,96.08,4251,3121,6,6
871,ML-KEM-512,80,1,1500,95.17,4251,3121,6,6
872,ML-KEM-512,80,1,1500,95.97,4251,3121,6,6
873,ML-KEM-512,80,1,1500,95.99,4251,3121,6,6
874,ML-KEM-512,80,1,1500,95.9,4251,3121,6,6
875,ML-KEM-512,80,1,1500,96.13,4251,3121,6,6
876,ML-KEM-512,80,1,1500,95.73,4251,3121,6,6
877,ML-KEM-512,80,1,1500,95.53,4251,3121,6,6
878,ML-KEM-512,80,1,1500,96.05,4251,3121,6,6
879,ML-KEM-512,80,1,1500,95.64,4251,3121,6,6
880,ML-KEM-512,80,1,1500,95.66,4251,3121,6,6
881,ML-KEM-512,80,1,1500,96.16,4251,3121,6,6
882,ML-KEM-512,80,1,1500,95.95,4251,3121,6,6
883,ML-KEM-512,80,1,1500,95.9,4251,3121,6,6
884,ML-KEM-512,80,1,1500,96.75,4251,3122,6,6
885,ML-KEM-512,80,1,1500,95.38,4251,3121,6,6
886,ML-KEM-512,80,1,1500,95.53,4251,3121,6,6
887,ML-KEM-512,80,1,1500,95.57,4251,3121,6,6
888,ML-KEM-512,80,1,1500,96.07,4251,3121,6,6
889,ML-KEM-512,80,1,1500,96.29,4251,3121,6,6
890,ML-KEM-512,80,1,1500,95.73,4251,3121,6,6
891,ML-KEM-512,80,1,1500,95.32,4251,3121,6,6
892,ML-KEM-512,80,1,1500,95.72,4251,3121,6,6
893,ML-KEM-512,80,1,1500,95.97,4251,3121,6,6
894,ML-KEM-512,80,1,1500,96.13,4040,2033,6,4
895,ML-KEM-512,80,1,1500,95.94,4251,3046,6,5
896,ML-KEM-512,80,1,1500,96.54,4251,3121,6,6
897,ML-KEM-512,80,1,1500,96.2,4251,3121,6,6
898,ML-KEM-512,80,1,1500,95.58,4251,3121,6,6
899,ML-KEM-512,80,1,1500,95.56,4251,3121,6,6
900,ML-KEM-512,80,1,1500,95.94,4251,3121,6,6
901,ML-KEM-512,80,3,1500,95.34,4298,2855,6,5
902,ML-KEM-512,80,3,1500,95.94,4251,3121,6,6
903,ML-KEM-512,80,3,1500,95.54,4251,3121,6,6
904,ML-KEM-512,80,3,1500,95.59,4251,3121,6,6
905,ML-KEM-512,80,3,1500,96.77,4251,3121,6,6
906,ML-KEM-512,80,3,1500,95.36,4251,3121,6,6
907,ML-KEM-512,80,3,1500,95.81,4251,3121,6,6
908,ML-KEM-512,80,3,1500,95.97,4251,3121,6,6
909,ML-KEM-512,80,3,1500,323.75,4266,1773,6,4
910,ML-KEM-512,80,3,1500,95.91,4179,3192,5,7
911,ML-KEM-512,80,3,1500,95.71,4251,3193,6,7
912,ML-KEM-512,80,3,1500,95.45,4251,3121,6,6
913,ML-KEM-512,80,3,1500,95.3,4251,3192,6,7
914,ML-KEM-512,80,3,1500,187.42,5493,4272,7,6
915,ML-KEM-512,80,3,1500,95.5,4251,3121,6,6
916,ML-KEM-512,80,3,1500,95.73,4251,3192,6,7
917,ML-KEM-512,80,3,1500,96.28,4251,3122,6,6
918,ML-KEM-512,80,3,1500,95.64,4251,3121,6,6
919,ML-KEM-512,80,3,1500,95.81,4251,3121,6,6
920,ML-KEM-512,80,3,1500,189.51,5493,4272,7,6
921,ML-KEM-512,80,3,1500,96.04,4251,3121,6,6
922,ML-KEM-512,80,3,1500,95.96,4298,2926,6,6
923,ML-KEM-512,80,3,1500,95.9,4251,3121,6,6
924,ML-KEM-512,80,3,1500,96.39,4251,3121,6,6
925,ML-KEM-512,80,3,1500,95.89,4251,3121,6,6
926,ML-KEM-512,80,3,1500,96.31,4251,3121,6,6
927,ML-KEM-512,80,3,1500,95.67,4251,3121,6,6
928,ML-KEM-512,80,3,1500,95.69,4251,3121,6,6
929,ML-KEM-512,80,3,1500,97.26,4251,3046,6,5
930,ML-KEM-512,80,3,1500,95.97,4251,3121,6,6
931,ML-KEM-512,80,3,1500,96.4,4179,3046,5,5
932,ML-KEM-512,80,3,1500,96.13,4251,3122,6,6
933,ML-KEM-512,80,3,1500,96.43,4251,3121,6,6
934,ML-KEM-512,80,3,1500,96.32,4251,3262,6,8
935,ML-KEM-512,80,3,1500,96.41,4251,3121,6,6
936,ML-KEM-512,80,3,1500,96.25,4251,3121,6,6
937,ML-KEM-512,80,3,1500,96.41,4251,3192,6,7
938,ML-KEM-512,80,3,1500,96.03,4251,3121,6,6
939,ML-KEM-512,80,3,1500,95.69,3056,2855,5,5
940,ML-KEM-512,80,3,1500,97.02,4251,3121,6,6
941,ML-KEM-512,80,3,1500,96.08,4251,3121,6,6
942,ML-KEM-512,80,3,1500,95.91,4179,3121,5,6
943,ML-KEM-512,80,3,1500,96.0,4251,3263,6,8
944,ML-KEM-512,80,3,1500,95.83,4251,3121,6,6
945,ML-KEM-512,80,3,1500,95.85,4251,3192,6,7
946,ML-KEM-512,80,3,1500,96.66,4251,3030,6,5
947,ML-KEM-512,80,3,1500,95.93,4251,3121,6,6
948,ML-KEM-512,80,3,1500,96.48,4251,3192,6,7
949,ML-KEM-512,80,3,1500,96.33,4254,2096,6,6
950,ML-KEM-512,80,3,1500,96.02,4251,3121,6,6
951,ML-KEM-512,80,5,1500,96.45,4251,3121,6,6
952,ML-KEM-512,80,5,1500,96.56,4251,3121,6,6
953,ML-KEM-512,80,5,1500,96.02,4251,3121,6,6
954,ML-KEM-512,80,5,1500,96.25,4537,3622,10,9
955,ML-KEM-512,80,5,1500,97.43,4255,2024,6,5
956,ML-KEM-512,80,5,1500,96.12,4251,3121,6,6
957,ML-KEM-512,80,5,1500,96.97,4251,3121,6,6
958,ML-KEM-512,80,5,1500,96.62,4251,3030,6,5
959,ML-KEM-512,80,5,1500,96.18,4251,3121,6,6
960,ML-KEM-512,80,5,1500,95.96,4298,2855,6,5
961,ML-KEM-512,80,5,1500,97.04,4251,3121,6,6
962,ML-KEM-512,80,5,1500,95.98,4179,3121,5,6
963,ML-KEM-512,80,5,1500,96.48,4251,3192,6,7
964,ML-KEM-512,80,5,1500,96.9,4251,3121,6,6
965,ML-KEM-512,80,5,1500,96.44,4251,3192,6,7
966,ML-KEM-512,80,5,1500,95.66,4251,3121,6,6
967,ML-KEM-512,80,5,1500,96.41,4251,3121,6,6
968,ML-KEM-512,80,5,1500,96.27,4251,3192,6,7
969,ML-KEM-512,80,5,1500,96.07,4251,3121,6,6
970,ML-KEM-512,80,5,1500,96.23,4251,3121,6,6
971,ML-KEM-512,80,5,1500,96.23,4251,3121,6,6
972,ML-KEM-512,80,5,1500,96.01,4251,3121,6,6
973,ML-KEM-512,80,5,1500,96.44,3009,3121,5,6
974,ML-KEM-512,80,5,1500,96.29,4251,3192,6,7
975,ML-KEM-512,80,5,1500,96.15,4251,3121,6,6
976,ML-KEM-512,80,5,1500,96.35,4251,3122,6,6
977,ML-KEM-512,80,5,1500,95.72,4298,2855,6,5
978,ML-KEM-512,80,5,1500,96.37,3009,3121,5,6
979,ML-KEM-512,80,5,1500,96.18,4251,3122,6,6
980,ML-KEM-512,80,5,1500,95.51,4251,3121,6,6
981,ML-KEM-512,80,5,1500,95.41,4251,3121,6,6
982,ML-KEM-512,80,5,1500,365.23,2484,92,2,1
983,ML-KEM-512,80,5,1500,95.57,4251,3121,6,6
984,ML-KEM-512,80,5,1500,95.49,4251,3121,6,6
985,ML-KEM-512,80,5,1500,95.91,4251,3122,6,6
986,ML-KEM-512,80,5,1500,95.26,4251,3192,6,7
987,ML-KEM-512,80,5,1500,95.63,4251,3121,6,6
988,ML-KEM-512,80,5,1500,95.88,4251,3122,6,6
989,ML-KEM-512,80,5,1500,186.96,5493,4272,7,6
990,ML-KEM-512,80,5,1500,95.62,4251,3121,6,6
991,ML-KEM-512,80,5,1500,97.38,3809,2034,4,4
992,ML-KEM-512,80,5,1500,186.9,5493,4272,7,6
993,ML-KEM-512,80,5,1500,96.05,4251,3121,6,6
994,ML-KEM-512,80,5,1500,95.48,4298,2855,6,5
995,ML-KEM-512,80,5,1500,95.29,4241,2024,6,5
996,ML-KEM-512,80,5,1500,95.67,4251,3121,6,6
997,ML-KEM-512,80,5,1500,96.24,4251,3121,6,6
998,ML-KEM-512,80,5,1500,96.07,4251,3121,6,6
999,ML-KEM-512,80,5,1500,95.71,4251,3121,6,6
1000,ML-KEM-512,80,5,1500,95.58,4251,3121,6,6
1001,ML-KEM-512,160,0,1500,175.73,4251,3121,6,6
1002,ML-KEM-512,160,0,1500,175.62,4251,3121,6,6
1003,ML-KEM-512,160,0,1500,176.04,4251,3121,6,6
1004,ML-KEM-512,160,0,1500,175.57,4251,3121,6,6
1005,ML-KEM-512,160,0,1500,175.42,4251,3121,6,6
1006,ML-KEM-512,160,0,1500,175.97,4251,3121,6,6
1007,ML-KEM-512,160,0,1500,178.88,4251,3121,6,6
1008,ML-KEM-512,160,0,1500,175.5,4251,3121,6,6
1009,ML-KEM-512,160,0,1500,175.94,4251,3121,6,6
1010,ML-KEM-512,160,0,1500,175.65,4251,3121,6,6
1011,ML-KEM-512,160,0,1500,175.84,4251,3121,6,6
1012,ML-KEM-512,160,0,1500,176.13,4251,3121,6,6
1013,ML-KEM-512,160,0,1500,176.25,4251,3121,6,6
1014,ML-KEM-512,160,0,1500,175.57,4251,3121,6,6
1015,ML-KEM-512,160,0,1500,175.8,4251,3121,6,6
1016,ML-KEM-512,160,0,1500,175.53,4251,3121,6,6
1017,ML-KEM-512,160,0,1500,175.59,4251,3121,6,6
1018,ML-KEM-512,160,0,1500,176.11,4251,3121,6,6
1019,ML-KEM-512,160,0,1500,175.48,4251,3121,6,6
1020,ML-KEM-512,160,0,1500,175.56,4251,3121,6,6
1021,ML-KEM-512,160,0,1500,175.9,4251,3121,6,6
1022,ML-KEM-512,160,0,1500,175.91,4251,3121,6,6
1023,ML-KEM-512,160,0,1500,175.58,4251,3121,6,6
1024,ML-KEM-512,160,0,1500,176.18,4251,3121,6,6
1025,ML-KEM-512,160,0,1500,176.51,4251,3121,6,6
1026,ML-KEM-512,160,0,1500,175.51,4251,3121,6,6
1027,ML-KEM-512,160,0,1500,177.0,4251,3121,6,6
1028,ML-KEM-512,160,0,1500,175.84,4251,3121,6,6
1029,ML-KEM-512,160,0,1500,175.74,4251,3121,6,6
1030,ML-KEM-512,160,0,1500,175.9,4251,3121,6,6
1031,ML-KEM-512,160,0,1500,175.76,4251,3121,6,6
1032,ML-KEM-512,160,0,1500,176.1,4251,3121,6,6
1033,ML-KEM-512,160,0,1500,176.03,4251,3121,6,6
1034,ML-KEM-512,160,0,1500,175.48,4251,3121,6,6
1035,ML-KEM-512,160,0,1500,175.34,4251,3121,6,6
1036,ML-KEM-512,160,0,1500,175.77,4251,3121,6,6
1037,ML-KEM-512,160,0,1500,175.57,4251,3121,6,6
1038,ML-KEM-512,160,0,1500,176.08,4251,3121,6,6
1039,ML-KEM-512,160,0,1500,175.94,4251,3121,6,6
1040,ML-KEM-512,160,0,1500,176.24,4251,3121,6,6
1041,ML-KEM-512,160,0,1500,176.13,4251,3121,6,6
1042,ML-KEM-512,160,0,1500,175.57,4251,3121,6,6
1043,ML-KEM-512,160,0,1500,175.75,4251,3121,6,6
1044,ML-KEM-512,160,0,1500,175.65,4251,3121,6,6
1045,ML-KEM-512,160,0,1500,175.81,4251,3121,6,6
1046,ML-KEM-512,160,0,1500,175.72,4251,3121,6,6
1047,ML-KEM-512,160,0,1500,175.53,4251,3121,6,6
1048,ML-KEM-512,160,0,1500,175.95,4251,3121,6,6
1049,ML-KEM-512,160,0,1500,176.1,4251,3121,6,6
1050,ML-KEM-512,160,0,1500,175.66,4251,3121,6,6
1051,ML-KEM-512,160,1,1500,176.1,4251,3121,6,6
1052,ML-KEM-512,160,1,1500,175.92,4251,3121,6,6
1053,ML-KEM-512,160,1,1500,175.55,4251,3121,6,6
1054,ML-KEM-512,160,1,1500,175.84,4251,3121,6,6
1055,ML-KEM-512,160,1,1500,175.58,4251,3121,6,6
1056,ML-KEM-512,160,1,1500,175.75,4396,3271,8,8
1057,ML-KEM-512,160,1,1500,176.69,4251,3121,6,6
1058,ML-KEM-512,160,1,1500,176.02,4251,3121,6,6
1059,ML-KEM-512,160,1,1500,175.73,4251,3121,6,6
1060,ML-KEM-512,160,1,1500,604.53,4338,3211,7,7
1061,ML-KEM-512,160,1,1500,175.84,4327,3121,7,6
1062,ML-KEM-512,160,1,1500,175.55,4251,3121,6,6
1063,ML-KEM-512,160,1,1500,176.98,4251,3122,6,6
1064,ML-KEM-512,160,1,1500,175.51,4251,3121,6,6
1065,ML-KEM-512,160,1,1500,175.69,4251,3121,6,6
1066,ML-KEM-512,160,1,1500,175.92,4251,3121,6,6
1067,ML-KEM-512,160,1,1500,1115.75,4338,3213,7,7
1068,ML-KEM-512,160,1,1500,175.61,4251,3121,6,6
1069,ML-KEM-512,160,1,1500,175.92,4251,3121,6,6
1070,ML-KEM-512,160,1,1500,604.39,4338,3211,7,7
1071,ML-KEM-512,160,1,1500,175.72,4251,3121,6,6
1072,ML-KEM-512,160,1,1500,175.98,4251,3121,6,6
1073,ML-KEM-512,160,1,1500,175.71,4251,3121,6,6
1074,ML-KEM-512,160,1,1500,175.91,4251,3121,6,6
1075,ML-KEM-512,160,1,1500,176.1,4251,3121,6,6
1076,ML-KEM-512,160,1,1500,175.7,4251,3121,6,6
1077,ML-KEM-512,160,1,1500,175.63,4251,3121,6,6
1078,ML-KEM-512,160,1,1500,176.11,4251,3121,6,6
1079,ML-KEM-512,160,1,1500,175.69,4251,3121,6,6
1080,ML-KEM-512,160,1,1500,175.78,4251,3121,6,6
1081,ML-KEM-512,160,1,1500,176.64,4396,3271,8,8
1082,ML-KEM-512,160,1,1500,176.75,4251,3121,6,6
1083,ML-KEM-512,160,1,1500,175.67,4251,3121,6,6
1084,ML-KEM-512,160,1,1500,175.74,4251,3121,6,6
1085,ML-KEM-512,160,1,1500,175.93,4251,3121,6,6
1086,ML-KEM-512,160,1,1500,175.6,4251,3121,6,6
1087,ML-KEM-512,160,1,1500,176.21,4251,3121,6,6
1088,ML-KEM-512,160,1,1500,175.63,4251,3121,6,6
1089,ML-KEM-512,160,1,1500,176.28,4251,3121,6,6
1090,ML-KEM-512,160,1,1500,175.95,4251,3121,6,6
1091,ML-KEM-512,160,1,1500,175.66,4251,3121,6,6
1092,ML-KEM-512,160,1,1500,175.65,4251,3121,6,6
1093,ML-KEM-512,160,1,1500,175.94,4251,3121,6,6
1094,ML-KEM-512,160,1,1500,175.6,4251,3121,6,6
1095,ML-KEM-512,160,1,1500,175.75,4251,3121,6,6
1096,ML-KEM-512,160,1,1500,175.7,4251,3121,6,6
1097,ML-KEM-512,160,1,1500,175.41,4251,3121,6,6
1098,ML-KEM-512,160,1,1500,175.72,4251,3121,6,6
1099,ML-KEM-512,160,1,1500,177.06,4251,3122,6,6
1100,ML-KEM-512,160,1,1500,686.9,4251,3123,6,6
1101,ML-KEM-512,160,3,1500,686.2,4251,3123,6,6
1102,ML-KEM-512,160,3,1500,176.19,4251,3121,6,6
1103,ML-KEM-512,160,3,1500,337.24,5779,3965,11,10
1104,ML-KEM-512,160,3,1500,686.3,4298,2857,6,5
1105,ML-KEM-512,160,3,1500,175.62,4396,3271,8,8
1106,ML-KEM-512,160,3,1500,175.67,4298,2855,6,5
1107,ML-KEM-512,160,3,1500,176.04,4251,3121,6,6
1108,ML-KEM-512,160,3,1500,176.57,4251,3121,6,6
1109,ML-KEM-512,160,3,1500,175.54,4251,3121,6,6
1110,ML-KEM-512,160,3,1500,176.55,4251,3030,6,5
1111,ML-KEM-512,160,3,1500,175.72,4251,3121,6,6
1112,ML-KEM-512,160,3,1500,175.31,4251,3121,6,6
1113,ML-KEM-512,160,3,1500,175.55,4251,3121,6,6
1114,ML-KEM-512,160,3,1500,175.88,4251,3121,6,6
1115,ML-KEM-512,160,3,1500,176.03,4251,3121,6,6
1116,ML-KEM-512,160,3,1500,175.86,4251,3121,6,6
1117,ML-KEM-512,160,3,1500,175.92,4251,3121,6,6
1118,ML-KEM-512,160,3,1500,175.72,4179,3192,5,7
1119,ML-KEM-512,160,3,1500,175.69,4251,3192,6,7
1120,ML-KEM-512,160,3,1500,175.9,4251,3193,6,7
1121,ML-KEM-512,160,3,1500,176.42,4251,3121,6,6
1122,ML-KEM-512,160,3,1500,175.67,4251,3192,6,7
1123,ML-KEM-512,160,3,1500,178.13,4251,3122,6,6
1124,ML-KEM-512,160,3,1500,175.65,4179,3192,5,7
1125,ML-KEM-512,160,3,1500,176.49,4251,3192,6,7
1126,ML-KEM-512,160,3,1500,176.43,4251,3264,6,8
1127,ML-KEM-512,160,3,1500,175.87,4298,2855,6,5
1128,ML-KEM-512,160,3,1500,175.69,4251,3192,6,7
1129,ML-KEM-512,160,3,1500,176.37,4251,3030,6,5
1130,ML-KEM-512,160,3,1500,175.64,4251,3121,6,6
1131,ML-KEM-512,160,3,1500,175.82,4251,3120,6,6
1132,ML-KEM-512,160,3,1500,175.97,4251,3101,6,6
1133,ML-KEM-512,160,3,1500,175.56,4179,3192,5,7
1134,ML-KEM-512,160,3,1500,606.85,4338,3353,7,9
1135,ML-KEM-512,160,3,1500,175.92,4251,3192,6,7
1136,ML-KEM-512,160,3,1500,175.91,4251,3121,6,6
1137,ML-KEM-512,160,3,1500,176.18,4251,3192,6,7
1138,ML-KEM-512,160,3,1500,175.84,4454,3546,9,8
1139,ML-KEM-512,160,3,1500,175.71,4251,3121,6,6
1140,ML-KEM-512,160,3,1500,176.04,4251,3193,6,7
1141,ML-KEM-512,160,3,1500,175.71,4251,3192,6,7
1142,ML-KEM-512,160,3,1500,686.78,4251,3123,6,6
1143,ML-KEM-512,160,3,1500,175.94,4251,3122,6,6
1144,ML-KEM-512,160,3,1500,686.44,4251,3123,6,6
1145,ML-KEM-512,160,3,1500,175.74,4251,3121,6,6
1146,ML-KEM-512,160,3,1500,175.9,4251,3121,6,6
1147,ML-KEM-512,160,3,1500,336.89,5493,3470,7,7
1148,ML-KEM-512,160,3,1500,336.68,5493,3470,7,7
1149,ML-KEM-512,160,3,1500,176.19,3009,3121,5,6
1150,ML-KEM-512,160,3,1500,175.98,4251,3121,6,6
1151,ML-KEM-512,160,5,1500,175.57,4396,3271,8,8
1152,ML-KEM-512,160,5,1500,176.03,4537,3455,10,7
1153,ML-KEM-512,160,5,1500,176.62,4251,3121,6,6
1154,ML-KEM-512,160,5,1500,175.65,4251,3121,6,6
1155,ML-KEM-512,160,5,1500,175.73,4251,3120,6,6
1156,ML-KEM-512,160,5,1500,175.85,4251,3121,6,6
1157,ML-KEM-512,160,5,1500,175.66,4251,3121,6,6
1158,ML-KEM-512,160,5,1500,176.13,4251,3121,6,6
1159,ML-KEM-512,160,5,1500,604.54,4340,3121,7,6
1160,ML-KEM-512,160,5,1500,176.06,4251,3030,6,5
1161,ML-KEM-512,160,5,1500,176.13,4251,3121,6,6
1162,ML-KEM-512,160,5,1500,866.71,7977,4798,9,9
1163,ML-KEM-512,160,5,1500,176.2,4251,3121,6,6
1164,ML-KEM-512,160,5,1500,176.26,4251,3121,6,6
1165,ML-KEM-512,160,5,1500,175.81,4251,3122,6,6
1166,ML-KEM-512,160,5,1500,177.03,4251,3030,6,5
1167,ML-KEM-512,160,5,1500,176.0,4179,3192,5,7
1168,ML-KEM-512,160,5,1500,175.61,4251,3192,6,7
1169,ML-KEM-512,160,5,1500,685.09,4251,3194,6,7
1170,ML-KEM-512,160,5,1500,691.27,4251,3124,6,6
1171,ML-KEM-512,160,5,1500,175.74,4298,2855,6,5
1172,ML-KEM-512,160,5,1500,175.8,4251,3046,6,5
1173,ML-KEM-512,160,5,1500,176.35,4251,3122,6,6
1174,ML-KEM-512,160,5,1500,336.7,5493,3395,7,6
1175,ML-KEM-512,160,5,1500,175.54,4251,3192,6,7
1176,ML-KEM-512,160,5,1500,337.08,5493,3396,7,6
1177,ML-KEM-512,160,5,1500,175.57,4251,3121,6,6
1178,ML-KEM-512,160,5,1500,176.19,4251,3121,6,6
1179,ML-KEM-512,160,5,1500,175.77,4396,3272,8,8
1180,ML-KEM-512,160,5,1500,175.95,4251,3046,6,5
1181,ML-KEM-512,160,5,1500,175.71,4251,3121,6,6
1182,ML-KEM-512,160,5,1500,176.28,4179,3192,5,7
1183,ML-KEM-512,160,5,1500,175.98,4251,3263,6,8
1184,ML-KEM-512,160,5,1500,175.64,4251,3192,6,7
1185,ML-KEM-512,160,5,1500,176.58,4251,3122,6,6
1186,ML-KEM-512,160,5,1500,176.64,4251,3192,6,7
1187,ML-KEM-512,160,5,1500,175.63,4251,3120,6,6
1188,ML-KEM-512,160,5,1500,176.15,4396,3271,8,8
1189,ML-KEM-512,160,5,1500,175.67,4251,3121,6,6
1190,ML-KEM-512,160,5,1500,336.75,5421,3612,6,9
1191,ML-KEM-512,160,5,1500,176.13,4251,3192,6,7
1192,ML-KEM-512,160,5,1500,175.67,4251,3192,6,7
1193,ML-KEM-512,160,5,1500,176.2,4251,3121,6,6
1194,ML-KEM-512,160,5,1500,175.84,4251,3193,6,7
1195,ML-KEM-512,160,5,1500,175.63,4251,3121,6,6
1196,ML-KEM-512,160,5,1500,175.6,4298,2855,6,5
1197,ML-KEM-512,160,5,1500,176.07,4251,3122,6,6
1198,ML-KEM-512,160,5,1500,175.72,4251,3263,6,8
1199,ML-KEM-512,160,5,1500,175.64,4251,3121,6,6
1200,ML-KEM-512,160,5,1500,176.03,4179,3193,5,7
1201,ML-KEM-768,20,0,1500,35.17,0,0,0,0
1202,ML-KEM-768,20,0,1500,35.62,0,0,0,0
1203,ML-KEM-768,20,0,1500,35.56,0,0,0,0
1204,ML-KEM-768,20,0,1500,35.3,0,0,0,0
1205,ML-KEM-768,20,0,1500,35.27,0,0,0,0
1206,ML-KEM-768,20,0,1500,37.19,0,0,0,0
1207,ML-KEM-768,20,0,1500,35.36,0,0,0,0
1208,ML-KEM-768,20,0,1500,35.78,0,0,0,0
1209,ML-KEM-768,20,0,1500,48.62,4251,3121,6,6
1210,ML-KEM-768,20,0,1500,35.81,0,0,0,0
1211,ML-KEM-768,20,0,1500,35.29,0,0,0,0
1212,ML-KEM-768,20,0,1500,35.24,0,0,0,0
1213,ML-KEM-768,20,0,1500,35.42,0,0,0,0
1214,ML-KEM-768,20,0,1500,35.33,0,0,0,0
1215,ML-KEM-768,20,0,1500,35.3,0,0,0,0
1216,ML-KEM-768,20,0,1500,35.62,0,0,0,0
1217,ML-KEM-768,20,0,1500,35.82,0,0,0,0
1218,ML-KEM-768,20,0,1500,35.73,0,0,0,0
1219,ML-KEM-768,20,0,1500,35.39,0,0,0,0
1220,ML-KEM-768,20,0,1500,35.3,0,0,0,0
1221,ML-KEM-768,20,0,1500,35.16,0,0,0,0
1222,ML-KEM-768,20,0,1500,36.03,0,0,0,0
1223,ML-KEM-768,20,0,1500,35.1,0,0,0,0
1224,ML-KEM-768,20,0,1500,35.11,0,0,0,0
1225,ML-KEM-768,20,0,1500,35.65,0,0,0,0
1226,ML-KEM-768,20,0,1500,35.18,0,0,0,0
1227,ML-KEM-768,20,0,1500,35.1,0,0,0,0
1228,ML-KEM-768,20,0,1500,35.54,0,0,0,0
1229,ML-KEM-768,20,0,1500,36.3,0,0,0,0
1230,ML-KEM-768,20,0,1500,36.23,0,0,0,0
1231,ML-KEM-768,20,0,1500,35.59,0,0,0,0
1232,ML-KEM-768,20,0,1500,35.32,0,0,0,0
1233,ML-KEM-768,20,0,1500,35.87,0,0,0,0
1234,ML-KEM-768,20,0,1500,35.46,0,0,0,0
1235,ML-KEM-768,20,0,1500,35.4,0,0,0,0
1236,ML-KEM-768,20,0,1500,35.24,0,0,0,0
1237,ML-KEM-768,20,0,1500,35.12,0,0,0,0
1238,ML-KEM-768,20,0,1500,36.11,0,0,0,0
1239,ML-KEM-768,20,0,1500,35.61,0,0,0,0
1240,ML-KEM-768,20,0,1500,35.27,0,0,0,0
1241,ML-KEM-768,20,0,1500,36.55,0,0,0,0
1242,ML-KEM-768,20,0,1500,35.1,0,0,0,0
1243,ML-KEM-768,20,0,1500,35.58,0,0,0,0
1244,ML-KEM-768,20,0,1500,35.69,0,0,0,0
1245,ML-KEM-768,20,0,1500,35.8,0,0,0,0
1246,ML-KEM-768,20,0,1500,36.1,0,0,0,0
1247,ML-KEM-768,20,0,1500,35.47,0,0,0,0
1248,ML-KEM-768,20,0,1500,35.33,0,0,0,0
1249,ML-KEM-768,20,0,1500,36.31,0,0,0,0
1250,ML-KEM-768,20,0,1500,35.49,0,0,0,0
1251,ML-KEM-768,20,1,1500,35.3,0,0,0,0
1252,ML-KEM-768,20,1,1500,35.17,0,0,0,0
1253,ML-KEM-768,20,1,1500,35.55,0,0,0,0
1254,ML-KEM-768,20,1,1500,35.49,0,0,0,0
1255,ML-KEM-768,20,1,1500,35.32,0,0,0,0
1256,ML-KEM-768,20,1,1500,35.39,0,0,0,0
1257,ML-KEM-768,20,1,1500,35.34,0,0,0,0
1258,ML-KEM-768,20,1,1500,35.39,0,0,0,0
1259,ML-KEM-768,20,1,1500,35.47,0,0,0,0
1260,ML-KEM-768,20,1,1500,35.09,0,0,0,0
1261,ML-KEM-768,20,1,1500,35.4,0,0,0,0
1262,ML-KEM-768,20,1,1500,35.37,0,0,0,0
1263,ML-KEM-768,20,1,1500,35.16,0,0,0,0
1264,ML-KEM-768,20,1,1500,35.15,0,0,0,0
1265,ML-KEM-768,20,1,1500,35.51,0,0,0,0
1266,ML-KEM-768,20,1,1500,35.03,0,0,0,0
1267,ML-KEM-768,20,1,1500,35.55,0,0,0,0
1268,ML-KEM-768,20,1,1500,35.94,4251,3030,6,5
1269,ML-KEM-768,20,1,1500,35.68,0,0,0,0
1270,ML-KEM-768,20,1,1500,35.78,4396,3271,8,8
1271,ML-KEM-768,20,1,1500,36.09,0,0,0,0
1272,ML-KEM-768,20,1,1500,35.61,0,0,0,0
1273,ML-KEM-768,20,1,1500,35.51,0,0,0,0
1274,ML-KEM-768,20,1,1500,35.34,0,0,0,0
1275,ML-KEM-768,20,1,1500,35.21,0,0,0,0
1276,ML-KEM-768,20,1,1500,35.4,0,0,0,0
1277,ML-KEM-768,20,1,1500,36.39,0,0,0,0
1278,ML-KEM-768,20,1,1500,35.18,0,0,0,0
1279,ML-KEM-768,20,1,1500,35.65,0,0,0,0
1280,ML-KEM-768,20,1,1500,35.58,0,0,0,0
1281,ML-KEM-768,20,1,1500,35.96,0,0,0,0
1282,ML-KEM-768,20,1,1500,35.59,0,0,0,0
1283,ML-KEM-768,20,1,1500,35.39,0,0,0,0
1284,ML-KEM-768,20,1,1500,35.82,0,0,0,0
1285,ML-KEM-768,20,1,1500,35.31,0,0,0,0
1286,ML-KEM-768,20,1,1500,35.95,0,0,0,0
1287,ML-KEM-768,20,1,1500,35.8,0,0,0,0
1288,ML-KEM-768,20,1,1500,35.3,0,0,0,0
1289,ML-KEM-768,20,1,1500,35.89,0,0,0,0
1290,ML-KEM-768,20,1,1500,35.02,0,0,0,0
1291,ML-KEM-768,20,1,1500,36.02,0,0,0,0
1292,ML-KEM-768,20,1,1500,36.04,0,0,0,0
1293,ML-KEM-768,20,1,1500,115.2,4338,3211,7,7
1294,ML-KEM-768,20,1,1500,35.31,0,0,0,0
1295,ML-KEM-768,20,1,1500,36.16,4396,3271,8,8
1296,ML-KEM-768,20,1,1500,35.67,0,0,0,0
1297,ML-KEM-768,20,1,1500,36.17,0,0,0,0
1298,ML-KEM-768,20,1,1500,36.77,4251,3121,6,6
1299,ML-KEM-768,20,1,1500,35.58,0,0,0,0
1300,ML-KEM-768,20,1,1500,35.47,0,0,0,0
1301,ML-KEM-768,20,3,1500,35.51,0,0,0,0
1302,ML-KEM-768,20,3,1500,35.71,0,0,0,0
1303,ML-KEM-768,20,3,1500,35.08,0,0,0,0
1304,ML-KEM-768,20,3,1500,35.5,0,0,0,0
1305,ML-KEM-768,20,3,1500,35.29,0,0,0,0
1306,ML-KEM-768,20,3,1500,35.24,0,0,0,0
1307,ML-KEM-768,20,3,1500,35.75,0,0,0,0
1308,ML-KEM-768,20,3,1500,35.31,0,0,0,0
1309,ML-KEM-768,20,3,1500,35.13,4473,3342,9,9
1310,ML-KEM-768,20,3,1500,35.56,4537,3688,10,10
1311,ML-KEM-768,20,3,1500,35.51,4324,3413,7,10
1312,ML-KEM-768,20,3,1500,35.7,0,0,0,0
1313,ML-KEM-768,20,3,1500,36.15,0,0,0,0
1314,ML-KEM-768,20,3,1500,35.44,0,0,0,0
1315,ML-KEM-768,20,3,1500,35.83,0,0,0,0
1316,ML-KEM-768,20,3,1500,37.11,0,0,0,0
1317,ML-KEM-768,20,3,1500,36.32,0,0,0,0
1318,ML-KEM-768,20,3,1500,36.37,0,0,0,0
1319,ML-KEM-768,20,3,1500,35.34,0,0,0,0
1320,ML-KEM-768,20,3,1500,35.37,0,0,0,0
1321,ML-KEM-768,20,3,1500,35.71,0,0,0,0
1322,ML-KEM-768,20,3,1500,35.09,0,0,0,0
1323,ML-KEM-768,20,3,1500,35.37,0,0,0,0
1324,ML-KEM-768,20,3,1500,35.34,4404,3268,8,8
1325,ML-KEM-768,20,3,1500,235.96,6735,4274,8,6
1326,ML-KEM-768,20,3,1500,36.09,0,0,0,0
1327,ML-KEM-768,20,3,1500,36.19,0,0,0,0
1328,ML-KEM-768,20,3,1500,36.41,0,0,0,0
1329,ML-KEM-768,20,3,1500,35.63,0,0,0,0
1330,ML-KEM-768,20,3,1500,36.37,0,0,0,0
1331,ML-KEM-768,20,3,1500,36.22,0,0,0,0
1332,ML-KEM-768,20,3,1500,35.74,0,0,0,0
1333,ML-KEM-768,20,3,1500,36.07,0,0,0,0
1334,ML-KEM-768,20,3,1500,35.72,0,0,0,0
1335,ML-KEM-768,20,3,1500,35.91,4251,3121,6,6
1336,ML-KEM-768,20,3,1500,114.11,4338,3282,7,8
1337,ML-KEM-768,20,3,1500,36.16,0,0,0,0
1338,ML-KEM-768,20,3,1500,36.73,4251,3030,6,5
1339,ML-KEM-768,20,3,1500,36.25,0,0,0,0
1340,ML-KEM-768,20,3,1500,36.03,0,0,0,0
1341,ML-KEM-768,20,3,1500,36.4,0,0,0,0
1342,ML-KEM-768,20,3,1500,61.1,0,0,0,0
1343,ML-KEM-768,20,3,1500,35.75,0,0,0,0
1344,ML-KEM-768,20,3,1500,36.07,0,0,0,0
1345,ML-KEM-768,20,3,1500,114.59,4338,3282,7,8
1346,ML-KEM-768,20,3,1500,35.8,0,0,0,0
1347,ML-KEM-768,20,3,1500,38.16,4251,3122,6,6
1348,ML-KEM-768,20,3,1500,114.73,4338,3211,7,7
1349,ML-KEM-768,20,3,1500,35.63,0,0,0,0
1350,ML-KEM-768,20,3,1500,35.85,0,0,0,0
1351,ML-KEM-768,20,5,1500,59.78,0,0,0,0
1352,ML-KEM-768,20,5,1500,56.71,0,0,0,0
1353,ML-KEM-768,20,5,1500,35.62,0,0,0,0
1354,ML-KEM-768,20,5,1500,35.85,0,0,0,0
1355,ML-KEM-768,20,5,1500,57.3,0,0,0,0
1356,ML-KEM-768,20,5,1500,35.52,0,0,0,0
1357,ML-KEM-768,20,5,1500,35.43,0,0,0,0
1358,ML-KEM-768,20,5,1500,35.26,0,0,0,0
1359,ML-KEM-768,20,5,1500,35.4,0,0,0,0
1360,ML-KEM-768,20,5,1500,35.06,0,0,0,0
1361,ML-KEM-768,20,5,1500,35.25,4537,3617,10,9
1362,ML-KEM-768,20,5,1500,59.43,2484,2484,2,2
1363,ML-KEM-768,20,5,1500,35.4,0,0,0,0
1364,ML-KEM-768,20,5,1500,35.24,0,0,0,0
1365,ML-KEM-768,20,5,1500,35.59,0,0,0,0
1366,ML-KEM-768,20,5,1500,35.32,0,0,0,0
1367,ML-KEM-768,20,5,1500,35.41,0,0,0,0
1368,ML-KEM-768,20,5,1500,36.07,0,0,0,0
1369,ML-KEM-768,20,5,1500,35.2,0,0,0,0
1370,ML-KEM-768,20,5,1500,35.18,0,0,0,0
1371,ML-KEM-768,20,5,1500,35.55,0,0,0,0
1372,ML-KEM-768,20,5,1500,35.46,0,0,0,0
1373,ML-KEM-768,20,5,1500,34.99,0,0,0,0
1374,ML-KEM-768,20,5,1500,35.35,0,0,0,0
1375,ML-KEM-768,20,5,1500,35.33,0,0,0,0
1376,ML-KEM-768,20,5,1500,35.01,0,0,0,0
1377,ML-KEM-768,20,5,1500,114.27,0,0,0,0
1378,ML-KEM-768,20,5,1500,35.08,4397,3344,8,9
1379,ML-KEM-768,20,5,1500,59.79,0,0,0,0
1380,ML-KEM-768,20,5,1500,35.4,0,0,0,0
1381,ML-KEM-768,20,5,1500,35.7,0,0,0,0
1382,ML-KEM-768,20,5,1500,35.3,4404,3338,8,9
1383,ML-KEM-768,20,5,1500,35.29,0,0,0,0
1384,ML-KEM-768,20,5,1500,59.7,5493,4272,7,6
1385,ML-KEM-768,20,5,1500,35.29,0,0,0,0
1386,ML-KEM-768,20,5,1500,35.08,0,0,0,0
1387,ML-KEM-768,20,5,1500,321.89,9219,5142,10,10
1388,ML-KEM-768,20,5,1500,35.22,0,0,0,0
1389,ML-KEM-768,20,5,1500,35.22,0,0,0,0
1390,ML-KEM-768,20,5,1500,56.23,5779,3965,11,10
1391,ML-KEM-768,20,5,1500,35.31,0,0,0,0
1392,ML-KEM-768,20,5,1500,35.39,0,0,0,0
1393,ML-KEM-768,20,5,1500,35.72,0,0,0,0
1394,ML-KEM-768,20,5,1500,35.61,0,0,0,0
1395,ML-KEM-768,20,5,1500,35.23,0,0,0,0
1396,ML-KEM-768,20,5,1500,36.16,0,0,0,0
1397,ML-KEM-768,20,5,1500,35.83,0,0,0,0
1398,ML-KEM-768,20,5,1500,35.52,0,0,0,0
1399,ML-KEM-768,20,5,1500,35.45,0,0,0,0
1400,ML-KEM-768,20,5,1500,35.59,4397,3343,8,9
1401,ML-KEM-768,80,0,1500,95.72,4251,3192,6,7
1402,ML-KEM-768,80,0,1500,95.44,4251,3121,6,6
1403,ML-KEM-768,80,0,1500,95.73,4251,3121,6,6
1404,ML-KEM-768,80,0,1500,95.43,4251,3121,6,6
1405,ML-KEM-768,80,0,1500,95.56,4251,3121,6,6
1406,ML-KEM-768,80,0,1500,96.23,4251,3121,6,6
1407,ML-KEM-768,80,0,1500,95.74,4251,3121,6,6
1408,ML-KEM-768,80,0,1500,96.4,4251,3121,6,6
1409,ML-KEM-768,80,0,1500,96.52,4251,3121,6,6
1410,ML-KEM-768,80,0,1500,95.69,4251,3121,6,6
1411,ML-KEM-768,80,0,1500,95.47,4251,3121,6,6
1412,ML-KEM-768,80,0,1500,96.25,4251,3121,6,6
1413,ML-KEM-768,80,0,1500,95.85,4251,3192,6,7
1414,ML-KEM-768,80,0,1500,95.37,4251,3121,6,6
1415,ML-KEM-768,80,0,1500,95.38,4251,3120,6,6
1416,ML-KEM-768,80,0,1500,96.3,4251,3121,6,6
1417,ML-KEM-768,80,0,1500,95.75,4251,3121,6,6
1418,ML-KEM-768,80,0,1500,97.46,4251,3121,6,6
1419,ML-KEM-768,80,0,1500,95.66,4251,3121,6,6
1420,ML-KEM-768,80,0,1500,95.83,4251,3121,6,6
1421,ML-KEM-768,80,0,1500,95.63,4251,3121,6,6
1422,ML-KEM-768,80,0,1500,95.91,4251,3121,6,6
1423,ML-KEM-768,80,0,1500,95.64,4251,3121,6,6
1424,ML-KEM-768,80,0,1500,95.5,4251,3121,6,6
1425,ML-KEM-768,80,0,1500,96.29,4251,3122,6,6
1426,ML-KEM-768,80,0,1500,95.57,4251,3121,6,6
1427,ML-KEM-768,80,0,1500,95.72,4251,3121,6,6
1428,ML-KEM-768,80,0,1500,95.65,4251,3122,6,6
1429,ML-KEM-768,80,0,1500,95.44,4251,3121,6,6
1430,ML-KEM-768,80,0,1500,95.56,4251,3121,6,6
1431,ML-KEM-768,80,0,1500,96.26,4251,3122,6,6
1432,ML-KEM-768,80,0,1500,96.02,4251,3121,6,6
1433,ML-KEM-768,80,0,1500,95.39,4251,3121,6,6
1434,ML-KEM-768,80,0,1500,95.96,4251,3121,6,6
1435,ML-KEM-768,80,0,1500,95.4,4251,3121,6,6
1436,ML-KEM-768,80,0,1500,95.18,4251,3121,6,6
1437,ML-KEM-768,80,0,1500,95.74,4251,3121,6,6
1438,ML-KEM-768,80,0,1500,95.68,4251,3121,6,6
1439,ML-KEM-768,80,0,1500,95.22,4251,3121,6,6
1440,ML-KEM-768,80,0,1500,95.69,4251,3121,6,6
1441,ML-KEM-768,80,0,1500,96.22,4251,3121,6,6
1442,ML-KEM-768,80,0,1500,95.53,4251,3121,6,6
1443,ML-KEM-768,80,0,1500,96.26,4251,3121,6,6
1444,ML-KEM-768,80,0,1500,95.83,4251,3121,6,6
1445,ML-KEM-768,80,0,1500,95.43,4251,3121,6,6
1446,ML-KEM-768,80,0,1500,95.96,4251,3121,6,6
1447,ML-KEM-768,80,0,1500,95.51,4251,3121,6,6
1448,ML-KEM-768,80,0,1500,95.39,4251,3121,6,6
1449,ML-KEM-768,80,0,1500,95.74,4251,3121,6,6
1450,ML-KEM-768,80,0,1500,95.78,4251,3121,6,6
1451,ML-KEM-768,80,1,1500,95.27,4251,3121,6,6
1452,ML-KEM-768,80,1,1500,95.8,4251,3121,6,6
1453,ML-KEM-768,80,1,1500,95.96,4251,3121,6,6
1454,ML-KEM-768,80,1,1500,95.64,4251,3121,6,6
1455,ML-KEM-768,80,1,1500,96.82,4251,3122,6,6
1456,ML-KEM-768,80,1,1500,95.63,4251,3121,6,6
1457,ML-KEM-768,80,1,1500,96.14,4251,3121,6,6
1458,ML-KEM-768,80,1,1500,96.25,4251,3121,6,6
1459,ML-KEM-768,80,1,1500,96.03,4251,3121,6,6
1460,ML-KEM-768,80,1,1500,95.67,4251,3121,6,6
1461,ML-KEM-768,80,1,1500,96.17,4251,3121,6,6
1462,ML-KEM-768,80,1,1500,96.3,4251,3121,6,6
1463,ML-KEM-768,80,1,1500,95.82,4251,3121,6,6
1464,ML-KEM-768,80,1,1500,96.53,4179,3121,5,6
1465,ML-KEM-768,80,1,1500,95.52,4251,3192,6,7
1466,ML-KEM-768,80,1,1500,95.61,4251,3121,6,6
1467,ML-KEM-768,80,1,1500,95.74,4251,3193,6,7
1468,ML-KEM-768,80,1,1500,95.52,4040,2033,6,4
1469,ML-KEM-768,80,1,1500,95.76,4251,3121,6,6
1470,ML-KEM-768,80,1,1500,95.9,4251,3192,6,7
1471,ML-KEM-768,80,1,1500,96.35,4251,3121,6,6
1472,ML-KEM-768,80,1,1500,95.42,4251,3121,6,6
1473,ML-KEM-768,80,1,1500,96.13,4251,3121,6,6
1474,ML-KEM-768,80,1,1500,95.56,4251,3121,6,6
1475,ML-KEM-768,80,1,1500,95.46,3009,3121,5,6
1476,ML-KEM-768,80,1,1500,96.25,4251,3192,6,7
1477,ML-KEM-768,80,1,1500,95.35,4251,3121,6,6
1478,ML-KEM-768,80,1,1500,95.27,4251,3121,6,6
1479,ML-KEM-768,80,1,1500,96.23,4251,3121,6,6
1480,ML-KEM-768,80,1,1500,95.54,4251,3121,6,6
1481,ML-KEM-768,80,1,1500,95.57,4251,3121,6,6
1482,ML-KEM-768,80,1,1500,95.99,4251,3121,6,6
1483,ML-KEM-768,80,1,1500,95.38,4251,3121,6,6
1484,ML-KEM-768,80,1,1500,95.31,4251,3121,6,6
1485,ML-KEM-768,80,1,1500,95.58,4251,3121,6,6
1486,ML-KEM-768,80,1,1500,95.16,4179,3121,5,6
1487,ML-KEM-768,80,1,1500,95.22,4251,3192,6,7
1488,ML-KEM-768,80,1,1500,95.77,4251,3193,6,7
1489,ML-KEM-768,80,1,1500,96.0,4251,3192,6,7
1490,ML-KEM-768,80,1,1500,95.85,4251,3121,6,6
1491,ML-KEM-768,80,1,1500,95.62,4251,3046,6,5
1492,ML-KEM-768,80,1,1500,365.22,2484,1756,2,4
1493,ML-KEM-768,80,1,1500,95.58,4251,3121,6,6
1494,ML-KEM-768,80,1,1500,95.68,4251,3121,6,6
1495,ML-KEM-768,80,1,1500,95.46,4251,3121,6,6
1496,ML-KEM-768,80,1,1500,95.51,4251,3121,6,6
1497,ML-KEM-768,80,1,1500,95.86,4251,3121,6,6
1498,ML-KEM-768,80,1,1500,96.44,4251,3192,6,7
1499,ML-KEM-768,80,1,1500,96.06,4251,3121,6,6
1500,ML-KEM-768,80,1,1500,95.87,4251,3121,6,6
1501,ML-KEM-768,80,3,1500,96.03,4251,3121,6,6
1502,ML-KEM-768,80,3,1500,95.62,4251,3121,6,6
1503,ML-KEM-768,80,3,1500,95.84,4251,3121,6,6
1504,ML-KEM-768,80,3,1500,96.02,4251,3121,6,6
1505,ML-KEM-768,80,3,1500,177.35,5493,3395,7,6
1506,ML-KEM-768,80,3,1500,96.03,4251,3121,6,6
1507,ML-KEM-768,80,3,1500,95.58,4298,2855,6,5
1508,ML-KEM-768,80,3,1500,95.64,4251,3121,6,6
1509,ML-KEM-768,80,3,1500,96.08,4251,3030,6,5
1510,ML-KEM-768,80,3,1500,95.54,3009,3192,5,7
1511,ML-KEM-768,80,3,1500,95.89,4241,2099,6,6
1512,ML-KEM-768,80,3,1500,95.73,4251,3122,6,6
1513,ML-KEM-768,80,3,1500,95.61,4327,3121,7,6
1514,ML-KEM-768,80,3,1500,95.63,4251,3121,6,6
1515,ML-KEM-768,80,3,1500,96.02,4251,3122,6,6
1516,ML-KEM-768,80,3,1500,95.72,4251,3121,6,6
1517,ML-KEM-768,80,3,1500,95.76,4251,3121,6,6
1518,ML-KEM-768,80,3,1500,296.25,4179,1683,5,3
1519,ML-KEM-768,80,3,1500,95.52,4251,3121,6,6
1520,ML-KEM-768,80,3,1500,96.46,4251,3121,6,6
1521,ML-KEM-768,80,3,1500,96.17,3809,2033,4,4
1522,ML-KEM-768,80,3,1500,95.3,4251,3121,6,6
1523,ML-KEM-768,80,3,1500,95.49,4334,3409,7,10
1524,ML-KEM-768,80,3,1500,177.02,5540,3205,7,6
1525,ML-KEM-768,80,3,1500,95.42,4251,3121,6,6
1526,ML-KEM-768,80,3,1500,95.62,4251,3121,6,6
1527,ML-KEM-768,80,3,1500,97.05,4251,3121,6,6
1528,ML-KEM-768,80,3,1500,96.04,4251,3192,6,7
1529,ML-KEM-768,80,3,1500,95.12,4251,3121,6,6
1530,ML-KEM-768,80,3,1500,97.03,4251,3121,6,6
1531,ML-KEM-768,80,3,1500,95.51,4251,3121,6,6
1532,ML-KEM-768,80,3,1500,95.34,4251,3121,6,6
1533,ML-KEM-768,80,3,1500,95.52,4251,3121,6,6
1534,ML-KEM-768,80,3,1500,95.8,4251,3121,6,6
1535,ML-KEM-768,80,3,1500,324.3,4266,1773,6,4
1536,ML-KEM-768,80,3,1500,96.14,4251,3121,6,6
1537,ML-KEM-768,80,3,1500,96.65,4251,3121,6,6
1538,ML-KEM-768,80,3,1500,365.68,2484,1685,2,3
1539,ML-KEM-768,80,3,1500,95.94,4251,3121,6,6
1540,ML-KEM-768,80,3,1500,95.65,4251,3121,6,6
1541,ML-KEM-768,80,3,1500,95.42,4251,3121,6,6
1542,ML-KEM-768,80,3,1500,95.67,4251,3192,6,7
1543,ML-KEM-768,80,3,1500,95.28,4251,3121,6,6
1544,ML-KEM-768,80,3,1500,95.83,4179,3121,5,6
1545,ML-KEM-768,80,3,1500,95.72,4251,3192,6,7
1546,ML-KEM-768,80,3,1500,95.36,4251,3121,6,6
1547,ML-KEM-768,80,3,1500,176.54,5540,3275,7,7
1548,ML-KEM-768,80,3,1500,95.79,4251,3121,6,6
1549,ML-KEM-768,80,3,1500,95.85,4251,3121,6,6
1550,ML-KEM-768,80,3,1500,95.8,4251,3192,6,7
1551,ML-KEM-768,80,5,1500,95.62,4251,3121,6,6
1552,ML-KEM-768,80,5,1500,95.57,4251,3121,6,6
1553,ML-KEM-768,80,5,1500,95.82,4251,3121,6,6
1554,ML-KEM-768,80,5,1500,95.93,4241,2099,6,6
1555,ML-KEM-768,80,5,1500,95.63,4251,3121,6,6
1556,ML-KEM-768,80,5,1500,365.4,2484,1756,2,4
1557,ML-KEM-768,80,5,1500,95.51,4298,2855,6,5
1558,ML-KEM-768,80,5,1500,96.3,4251,3030,6,5
1559,ML-KEM-768,80,5,1500,365.71,2484,92,2,1
1560,ML-KEM-768,80,5,1500,95.8,4251,3121,6,6
1561,ML-KEM-768,80,5,1500,95.86,4251,3046,6,5
1562,ML-KEM-768,80,5,1500,97.13,4179,3122,5,6
1563,ML-KEM-768,80,5,1500,95.65,4241,2024,6,5
1564,ML-KEM-768,80,5,1500,95.63,4251,3121,6,6
1565,ML-KEM-768,80,5,1500,96.23,4251,3193,6,7
1566,ML-KEM-768,80,5,1500,95.51,4327,3121,7,6
1567,ML-KEM-768,80,5,1500,95.34,4251,3121,6,6
1568,ML-KEM-768,80,5,1500,95.64,4241,2171,6,7
1569,ML-KEM-768,80,5,1500,96.16,4251,3046,6,5
1570,ML-KEM-768,80,5,1500,95.26,4251,3121,6,6
1571,ML-KEM-768,80,5,1500,96.2,4251,3030,6,5
1572,ML-KEM-768,80,5,1500,186.95,5493,4272,7,6
1573,ML-KEM-768,80,5,1500,95.04,4298,2855,6,5
1574,ML-KEM-768,80,5,1500,95.49,4251,3192,6,7
1575,ML-KEM-768,80,5,1500,95.75,4251,3121,6,6
1576,ML-KEM-768,80,5,1500,96.05,4251,3046,6,5
1577,ML-KEM-768,80,5,1500,96.03,4251,3121,6,6
1578,ML-KEM-768,80,5,1500,95.71,4254,2095,6,6
1579,ML-KEM-768,80,5,1500,95.95,4251,3121,6,6
1580,ML-KEM-768,80,5,1500,96.44,4255,3121,6,6
1581,ML-KEM-768,80,5,1500,95.92,4040,2033,6,4
1582,ML-KEM-768,80,5,1500,95.45,4251,3121,6,6
1583,ML-KEM-768,80,5,1500,95.78,4251,3121,6,6
1584,ML-KEM-768,80,5,1500,295.94,6663,4274,7,6
1585,ML-KEM-768,80,5,1500,324.99,4268,1753,6,4
1586,ML-KEM-768,80,5,1500,95.74,4241,2099,6,6
1587,ML-KEM-768,80,5,1500,323.6,3813,1773,4,4
1588,ML-KEM-768,80,5,1500,95.71,4251,3121,6,6
1589,ML-KEM-768,80,5,1500,95.86,4251,3121,6,6
1590,ML-KEM-768,80,5,1500,95.82,4251,3121,6,6
1591,ML-KEM-768,80,5,1500,95.24,4241,2024,6,5
1592,ML-KEM-768,80,5,1500,95.27,4251,3120,6,6
1593,ML-KEM-768,80,5,1500,95.77,4251,3121,6,6
1594,ML-KEM-768,80,5,1500,95.6,4251,3121,6,6
1595,ML-KEM-768,80,5,1500,96.0,4251,3121,6,6
1596,ML-KEM-768,80,5,1500,95.42,4251,3121,6,6
1597,ML-KEM-768,80,5,1500,95.74,4251,3121,6,6
1598,ML-KEM-768,80,5,1500,97.2,4251,3122,6,6
1599,ML-KEM-768,80,5,1500,176.54,5493,3470,7,7
1600,ML-KEM-768,80,5,1500,95.99,4251,3121,6,6
1601,ML-KEM-768,160,0,1500,189.63,4251,3121,6,6
1602,ML-KEM-768,160,0,1500,175.66,4251,3121,6,6
1603,ML-KEM-768,160,0,1500,175.9,4251,3120,6,6
1604,ML-KEM-768,160,0,1500,175.62,4251,3121,6,6
1605,ML-KEM-768,160,0,1500,175.92,4251,3121,6,6
1606,ML-KEM-768,160,0,1500,176.22,4251,3121,6,6
1607,ML-KEM-768,160,0,1500,175.83,4251,3121,6,6
1608,ML-KEM-768,160,0,1500,177.25,4251,3121,6,6
1609,ML-KEM-768,160,0,1500,176.03,4251,3122,6,6
1610,ML-KEM-768,160,0,1500,175.69,4251,3121,6,6
1611,ML-KEM-768,160,0,1500,175.51,4251,3121,6,6
1612,ML-KEM-768,160,0,1500,176.0,4251,3122,6,6
1613,ML-KEM-768,160,0,1500,175.81,4251,3121,6,6
1614,ML-KEM-768,160,0,1500,176.22,4251,3121,6,6
1615,ML-KEM-768,160,0,1500,176.51,4251,3122,6,6
1616,ML-KEM-768,160,0,1500,175.87,4251,3121,6,6
1617,ML-KEM-768,160,0,1500,175.79,4251,3120,6,6
1618,ML-KEM-768,160,0,1500,176.2,4251,3121,6,6
1619,ML-KEM-768,160,0,1500,175.76,4251,3121,6,6
1620,ML-KEM-768,160,0,1500,175.87,4251,3121,6,6
1621,ML-KEM-768,160,0,1500,176.96,4251,3121,6,6
1622,ML-KEM-768,160,0,1500,175.85,4251,3121,6,6
1623,ML-KEM-768,160,0,1500,175.8,4251,3120,6,6
1624,ML-KEM-768,160,0,1500,175.69,4251,3121,6,6
1625,ML-KEM-768,160,0,1500,176.12,4251,3121,6,6
1626,ML-KEM-768,160,0,1500,176.15,4251,3122,6,6
1627,ML-KEM-768,160,0,1500,175.9,4251,3121,6,6
1628,ML-KEM-768,160,0,1500,176.29,4251,3121,6,6
1629,ML-KEM-768,160,0,1500,177.72,4251,3122,6,6
1630,ML-KEM-768,160,0,1500,175.81,4251,3121,6,6
1631,ML-KEM-768,160,0,1500,175.94,4251,3121,6,6
1632,ML-KEM-768,160,0,1500,176.13,4251,3121,6,6
1633,ML-KEM-768,160,0,1500,176.45,4251,3121,6,6
1634,ML-KEM-768,160,0,1500,175.93,4251,3121,6,6
1635,ML-KEM-768,160,0,1500,176.99,4251,3121,6,6
1636,ML-KEM-768,160,0,1500,175.67,4251,3121,6,6
1637,ML-KEM-768,160,0,1500,175.75,4251,3121,6,6
1638,ML-KEM-768,160,0,1500,176.06,4251,3121,6,6
1639,ML-KEM-768,160,0,1500,175.73,4251,3121,6,6
1640,ML-KEM-768,160,0,1500,175.66,4251,3121,6,6
1641,ML-KEM-768,160,0,1500,175.99,4251,3121,6,6
1642,ML-KEM-768,160,0,1500,175.62,4251,3121,6,6
1643,ML-KEM-768,160,0,1500,175.74,4251,3121,6,6
1644,ML-KEM-768,160,0,1500,176.06,4251,3121,6,6
1645,ML-KEM-768,160,0,1500,175.85,4251,3121,6,6
1646,ML-KEM-768,160,0,1500,175.4,4251,3121,6,6
1647,ML-KEM-768,160,0,1500,176.06,4251,3121,6,6
1648,ML-KEM-768,160,0,1500,175.93,4251,3121,6,6
1649,ML-KEM-768,160,0,1500,175.83,4251,3121,6,6
1650,ML-KEM-768,160,0,1500,177.15,4251,3121,6,6
1651,ML-KEM-768,160,1,1500,175.64,4251,3121,6,6
1652,ML-KEM-768,160,1,1500,176.79,4251,3121,6,6
1653,ML-KEM-768,160,1,1500,176.11,4251,3122,6,6
1654,ML-KEM-768,160,1,1500,176.11,4251,3121,6,6
1655,ML-KEM-768,160,1,1500,175.76,4251,3121,6,6
1656,ML-KEM-768,160,1,1500,176.18,4396,3272,8,8
1657,ML-KEM-768,160,1,1500,175.79,4251,3121,6,6
1658,ML-KEM-768,160,1,1500,175.93,4251,3121,6,6
1659,ML-KEM-768,160,1,1500,176.02,4251,3122,6,6
1660,ML-KEM-768,160,1,1500,336.62,5493,3470,7,7
1661,ML-KEM-768,160,1,1500,175.75,4251,3121,6,6
1662,ML-KEM-768,160,1,1500,176.43,3009,3121,5,6
1663,ML-KEM-768,160,1,1500,176.0,4251,3121,6,6
1664,ML-KEM-768,160,1,1500,175.79,4251,3121,6,6
1665,ML-KEM-768,160,1,1500,176.7,4251,3122,6,6
1666,ML-KEM-768,160,1,1500,175.75,4251,3121,6,6
1667,ML-KEM-768,160,1,1500,175.66,4251,3121,6,6
1668,ML-KEM-768,160,1,1500,176.29,4537,3547,10,8
1669,ML-KEM-768,160,1,1500,175.8,4251,3121,6,6
1670,ML-KEM-768,160,1,1500,175.75,4251,3121,6,6
1671,ML-KEM-768,160,1,1500,176.84,4251,3122,6,6
1672,ML-KEM-768,160,1,1500,175.29,4251,3121,6,6
1673,ML-KEM-768,160,1,1500,175.74,4251,3121,6,6
1674,ML-KEM-768,160,1,1500,175.99,4251,3122,6,6
1675,ML-KEM-768,160,1,1500,175.85,4251,3121,6,6
1676,ML-KEM-768,160,1,1500,176.47,4251,3121,6,6
1677,ML-KEM-768,160,1,1500,176.87,4251,3122,6,6
1678,ML-KEM-768,160,1,1500,175.2,4251,3121,6,6
1679,ML-KEM-768,160,1,1500,175.31,4251,3121,6,6
1680,ML-KEM-768,160,1,1500,175.65,4251,3121,6,6
1681,ML-KEM-768,160,1,1500,175.53,4396,3271,8,8
1682,ML-KEM-768,160,1,1500,175.78,4251,3121,6,6
1683,ML-KEM-768,160,1,1500,175.9,4251,3121,6,6
1684,ML-KEM-768,160,1,1500,175.53,4251,3121,6,6
1685,ML-KEM-768,160,1,1500,175.98,4537,3546,10,8
1686,ML-KEM-768,160,1,1500,176.18,4251,3121,6,6
1687,ML-KEM-768,160,1,1500,175.51,4251,3121,6,6
1688,ML-KEM-768,160,1,1500,175.78,4251,3121,6,6
1689,ML-KEM-768,160,1,1500,175.92,4251,3121,6,6
1690,ML-KEM-768,160,1,1500,175.61,4251,3121,6,6
1691,ML-KEM-768,160,1,1500,175.84,4537,3546,10,8
1692,ML-KEM-768,160,1,1500,175.86,4251,3121,6,6
1693,ML-KEM-768,160,1,1500,175.96,4251,3121,6,6
1694,ML-KEM-768,160,1,1500,175.3,4251,3121,6,6
1695,ML-KEM-768,160,1,1500,176.29,4251,3121,6,6
1696,ML-KEM-768,160,1,1500,175.73,4251,3121,6,6
1697,ML-KEM-768,160,1,1500,176.4,4251,3121,6,6
1698,ML-KEM-768,160,1,1500,175.78,4251,3121,6,6
1699,ML-KEM-768,160,1,1500,175.68,4251,3121,6,6
1700,ML-KEM-768,160,1,1500,175.61,4251,3121,6,6
1701,ML-KEM-768,160,3,1500,175.69,4251,3121,6,6
1702,ML-KEM-768,160,3,1500,1119.71,4338,3213,7,7
1703,ML-KEM-768,160,3,1500,175.59,4251,3121,6,6
1704,ML-KEM-768,160,3,1500,176.13,4397,3201,8,7
1705,ML-KEM-768,160,3,1500,175.7,4327,3121,7,6
1706,ML-KEM-768,160,3,1500,175.95,4251,3121,6,6
1707,ML-KEM-768,160,3,1500,177.16,4251,3122,6,6
1708,ML-KEM-768,160,3,1500,176.64,4251,3121,6,6
1709,ML-KEM-768,160,3,1500,177.31,4251,3121,6,6
1710,ML-KEM-768,160,3,1500,177.29,4251,3121,6,6
1711,ML-KEM-768,160,3,1500,176.61,4251,3121,6,6
1712,ML-KEM-768,160,3,1500,176.51,4251,3121,6,6
1713,ML-KEM-768,160,3,1500,176.17,4251,3121,6,6
1714,ML-KEM-768,160,3,1500,175.87,4251,3121,6,6
1715,ML-KEM-768,160,3,1500,175.88,4251,3121,6,6
1716,ML-KEM-768,160,3,1500,176.16,4454,3546,9,8
1717,ML-KEM-768,160,3,1500,176.01,4327,3121,7,6
1718,ML-KEM-768,160,3,1500,175.95,4251,3046,6,5
1719,ML-KEM-768,160,3,1500,176.39,4251,3121,6,6
1720,ML-KEM-768,160,3,1500,176.17,4251,3121,6,6
1721,ML-KEM-768,160,3,1500,175.54,4251,3121,6,6
1722,ML-KEM-768,160,3,1500,604.33,4385,2870,7,5
1723,ML-KEM-768,160,3,1500,175.59,4251,3121,6,6
1724,ML-KEM-768,160,3,1500,175.54,4251,3121,6,6
1725,ML-KEM-768,160,3,1500,175.88,4251,3121,6,6
1726,ML-KEM-768,160,3,1500,175.97,4251,3121,6,6
1727,ML-KEM-768,160,3,1500,336.6,5493,3470,7,7
1728,ML-KEM-768,160,3,1500,176.34,4251,3121,6,6
1729,ML-KEM-768,160,3,1500,179.75,4251,3121,6,6
1730,ML-KEM-768,160,3,1500,726.41,5658,4362,9,7
1731,ML-KEM-768,160,3,1500,686.43,4536,3629,10,9
1732,ML-KEM-768,160,3,1500,176.23,4251,3121,6,6
1733,ML-KEM-768,160,3,1500,175.86,4251,3121,6,6
1734,ML-KEM-768,160,3,1500,176.17,4251,3121,6,6
1735,ML-KEM-768,160,3,1500,176.04,4251,3121,6,6
1736,ML-KEM-768,160,3,1500,175.91,4251,3121,6,6
1737,ML-KEM-768,160,3,1500,176.16,3009,3121,5,6
1738,ML-KEM-768,160,3,1500,686.74,4251,3123,6,6
1739,ML-KEM-768,160,3,1500,175.61,4251,3121,6,6
1740,ML-KEM-768,160,3,1500,176.11,4251,3121,6,6
1741,ML-KEM-768,160,3,1500,175.6,4251,3121,6,6
1742,ML-KEM-768,160,3,1500,175.6,4251,3121,6,6
1743,ML-KEM-768,160,3,1500,176.77,4251,3122,6,6
1744,ML-KEM-768,160,3,1500,175.73,4251,3121,6,6
1745,ML-KEM-768,160,3,1500,175.64,4251,3121,6,6
1746,ML-KEM-768,160,3,1500,175.81,4251,3121,6,6
1747,ML-KEM-768,160,3,1500,175.52,4251,3121,6,6
1748,ML-KEM-768,160,3,1500,175.56,4396,3271,8,8
1749,ML-KEM-768,160,3,1500,176.17,4327,3121,7,6
1750,ML-KEM-768,160,3,1500,175.72,4251,3121,6,6
1751,ML-KEM-768,160,5,1500,175.73,4251,3121,6,6
1752,ML-KEM-768,160,5,1500,176.22,4478,3341,9,9
1753,ML-KEM-768,160,5,1500,175.79,4298,2780,6,4
1754,ML-KEM-768,160,5,1500,175.72,3009,3121,5,6
1755,ML-KEM-768,160,5,1500,175.87,4251,3121,6,6
1756,ML-KEM-768,160,5,1500,175.59,4251,3121,6,6
1757,ML-KEM-768,160,5,1500,175.53,4251,3121,6,6
1758,ML-KEM-768,160,5,1500,176.07,4251,3121,6,6
1759,ML-KEM-768,160,5,1500,175.49,4251,3121,6,6
1760,ML-KEM-768,160,5,1500,175.91,4251,3121,6,6
1761,ML-KEM-768,160,5,1500,176.49,4251,3121,6,6
1762,ML-KEM-768,160,5,1500,177.35,4251,3121,6,6
1763,ML-KEM-768,160,5,1500,175.61,4251,3121,6,6
1764,ML-KEM-768,160,5,1500,357.29,5724,4414,10,8
1765,ML-KEM-768,160,5,1500,686.3,4324,3273,7,8
1766,ML-KEM-768,160,5,1500,175.6,4251,3121,6,6
1767,ML-KEM-768,160,5,1500,175.86,4251,3121,6,6
1768,ML-KEM-768,160,5,1500,686.18,4251,3123,6,6
1769,ML-KEM-768,160,5,1500,175.54,4251,3121,6,6
1770,ML-KEM-768,160,5,1500,175.8,4251,3121,6,6
1771,ML-KEM-768,160,5,1500,175.51,4251,3121,6,6
1772,ML-KEM-768,160,5,1500,175.47,4251,3121,6,6
1773,ML-KEM-768,160,5,1500,176.28,4251,3121,6,6
1774,ML-KEM-768,160,5,1500,1466.48,4340,3211,7,7
1775,ML-KEM-768,160,5,1500,175.73,3009,3121,5,6
1776,ML-KEM-768,160,5,1500,175.9,4251,3121,6,6
1777,ML-KEM-768,160,5,1500,176.06,4251,3121,6,6
1778,ML-KEM-768,160,5,1500,605.37,4680,3288,12,8
1779,ML-KEM-768,160,5,1500,177.01,4406,3268,8,8
1780,ML-KEM-768,160,5,1500,686.56,4251,3123,6,6
1781,ML-KEM-768,160,5,1500,175.49,4251,3121,6,6
1782,ML-KEM-768,160,5,1500,176.25,4251,3121,6,6
1783,ML-KEM-768,160,5,1500,175.66,4447,3546,9,8
1784,ML-KEM-768,160,5,1500,175.78,4251,3121,6,6
1785,ML-KEM-768,160,5,1500,176.26,4327,3121,7,6
1786,ML-KEM-768,160,5,1500,175.54,4251,3121,6,6
1787,ML-KEM-768,160,5,1500,175.89,4397,3344,8,9
1788,ML-KEM-768,160,5,1500,176.18,4179,3192,5,7
1789,ML-KEM-768,160,5,1500,356.9,5493,4343,7,7
1790,ML-KEM-768,160,5,1500,176.29,4251,3101,6,6
1791,ML-KEM-768,160,5,1500,176.67,4537,3547,10,8
1792,ML-KEM-768,160,5,1500,175.51,4179,3192,5,7
1793,ML-KEM-768,160,5,1500,687.09,4251,3194,6,7
1794,ML-KEM-768,160,5,1500,175.83,4251,3193,6,7
1795,ML-KEM-768,160,5,1500,175.77,4251,3121,6,6
1796,ML-KEM-768,160,5,1500,175.56,4251,3121,6,6
1797,ML-KEM-768,160,5,1500,176.5,4251,3122,6,6
1798,ML-KEM-768,160,5,1500,175.64,4251,3121,6,6
1799,ML-KEM-768,160,5,1500,175.91,4251,3121,6,6
1800,ML-KEM-768,160,5,1500,176.02,4251,3193,6,7
1801,X25519-ML-KEM-768,20,0,1500,35.05,0,0,0,0
1802,X25519-ML-KEM-768,20,0,1500,35.17,0,0,0,0
1803,X25519-ML-KEM-768,20,0,1500,35.65,0,0,0,0
1804,X25519-ML-KEM-768,20,0,1500,35.1,0,0,0,0
1805,X25519-ML-KEM-768,20,0,1500,35.11,0,0,0,0
1806,X25519-ML-KEM-768,20,0,1500,35.88,0,0,0,0
1807,X25519-ML-KEM-768,20,0,1500,35.95,0,0,0,0
1808,X25519-ML-KEM-768,20,0,1500,35.16,0,0,0,0
1809,X25519-ML-KEM-768,20,0,1500,35.45,0,0,0,0
1810,X25519-ML-KEM-768,20,0,1500,35.72,0,0,0,0
1811,X25519-ML-KEM-768,20,0,1500,35.25,0,0,0,0
1812,X25519-ML-KEM-768,20,0,1500,35.45,0,0,0,0
1813,X25519-ML-KEM-768,20,0,1500,35.22,0,0,0,0
1814,X25519-ML-KEM-768,20,0,1500,35.53,0,0,0,0
1815,X25519-ML-KEM-768,20,0,1500,36.72,0,0,0,0
1816,X25519-ML-KEM-768,20,0,1500,36.55,0,0,0,0
1817,X25519-ML-KEM-768,20,0,1500,35.2,0,0,0,0
1818,X25519-ML-KEM-768,20,0,1500,36.1,0,0,0,0
1819,X25519-ML-KEM-768,20,0,1500,35.21,0,0,0,0
1820,X25519-ML-KEM-768,20,0,1500,35.35,0,0,0,0
1821,X25519-ML-KEM-768,20,0,1500,35.97,0,0,0,0
1822,X25519-ML-KEM-768,20,0,1500,35.74,0,0,0,0
1823,X25519-ML-KEM-768,20,0,1500,36.09,0,0,0,0
1824,X25519-ML-KEM-768,20,0,1500,35.79,0,0,0,0
1825,X25519-ML-KEM-768,20,0,1500,36.01,0,0,0,0
1826,X25519-ML-KEM-768,20,0,1500,35.11,0,0,0,0
1827,X25519-ML-KEM-768,20,0,1500,35.4,0,0,0,0
1828,X25519-ML-KEM-768,20,0,1500,35.64,0,0,0,0
1829,X25519-ML-KEM-768,20,0,1500,35.67,0,0,0,0
1830,X25519-ML-KEM-768,20,0,1500,36.22,0,0,0,0
1831,X25519-ML-KEM-768,20,0,1500,36.15,0,0,0,0
1832,X25519-ML-KEM-768,20,0,1500,35.97,0,0,0,0
1833,X25519-ML-KEM-768,20,0,1500,35.8,0,0,0,0
1834,X25519-ML-KEM-768,20,0,1500,35.45,0,0,0,0
1835,X25519-ML-KEM-768,20,0,1500,35.37,0,0,0,0
1836,X25519-ML-KEM-768,20,0,1500,35.59,0,0,0,0
1837,X25519-ML-KEM-768,20,0,1500,35.26,0,0,0,0
1838,X25519-ML-KEM-768,20,0,1500,35.39,0,0,0,0
1839,X25519-ML-KEM-768,20,0,1500,35.38,0,0,0,0
1840,X25519-ML-KEM-768,20,0,1500,35.82,0,0,0,0
1841,X25519-ML-KEM-768,20,0,1500,35.32,0,0,0,0
1842,X25519-ML-KEM-768,20,0,1500,35.75,0,0,0,0
1843,X25519-ML-KEM-768,20,0,1500,35.14,0,0,0,0
1844,X25519-ML-KEM-768,20,0,1500,35.82,0,0,0,0
1845,X25519-ML-KEM-768,20,0,1500,36.08,0,0,0,0
1846,X25519-ML-KEM-768,20,0,1500,35.7,0,0,0,0
1847,X25519-ML-KEM-768,20,0,1500,35.63,0,0,0,0
1848,X25519-ML-KEM-768,20,0,1500,35.97,0,0,0,0
1849,X25519-ML-KEM-768,20,0,1500,37.77,0,0,0,0
1850,X25519-ML-KEM-768,20,0,1500,35.24,0,0,0,0
1851,X25519-ML-KEM-768,20,1,1500,37.44,0,0,0,0
1852,X25519-ML-KEM-768,20,1,1500,35.05,0,0,0,0
1853,X25519-ML-KEM-768,20,1,1500,35.26,0,0,0,0
1854,X25519-ML-KEM-768,20,1,1500,35.63,0,0,0,0
1855,X25519-ML-KEM-768,20,1,1500,35.27,0,0,0,0
1856,X25519-ML-KEM-768,20,1,1500,35.42,0,0,0,0
1857,X25519-ML-KEM-768,20,1,1500,36.55,0,0,0,0
1858,X25519-ML-KEM-768,20,1,1500,35.17,0,0,0,0
1859,X25519-ML-KEM-768,20,1,1500,35.2,0,0,0,0
1860,X25519-ML-KEM-768,20,1,1500,36.06,0,0,0,0
1861,X25519-ML-KEM-768,20,1,1500,35.29,0,0,0,0
1862,X25519-ML-KEM-768,20,1,1500,35.39,0,0,0,0
1863,X25519-ML-KEM-768,20,1,1500,35.97,0,0,0,0
1864,X25519-ML-KEM-768,20,1,1500,35.5,0,0,0,0
1865,X25519-ML-KEM-768,20,1,1500,35.19,0,0,0,0
1866,X25519-ML-KEM-768,20,1,1500,35.99,0,0,0,0
1867,X25519-ML-KEM-768,20,1,1500,35.5,0,0,0,0
1868,X25519-ML-KEM-768,20,1,1500,35.37,0,0,0,0
1869,X25519-ML-KEM-768,20,1,1500,36.1,0,0,0,0
1870,X25519-ML-KEM-768,20,1,1500,35.26,0,0,0,0
1871,X25519-ML-KEM-768,20,1,1500,113.59,4338,3211,7,7
1872,X25519-ML-KEM-768,20,1,1500,35.71,0,0,0,0
1873,X25519-ML-KEM-768,20,1,1500,35.17,0,0,0,0
1874,X25519-ML-KEM-768,20,1,1500,35.29,0,0,0,0
1875,X25519-ML-KEM-768,20,1,1500,35.69,0,0,0,0
1876,X25519-ML-KEM-768,20,1,1500,35.04,0,0,0,0
1877,X25519-ML-KEM-768,20,1,1500,35.34,0,0,0,0
1878,X25519-ML-KEM-768,20,1,1500,35.45,4447,3546,9,8
1879,X25519-ML-KEM-768,20,1,1500,35.19,0,0,0,0
1880,X25519-ML-KEM-768,20,1,1500,35.1,0,0,0,0
1881,X25519-ML-KEM-768,20,1,1500,35.46,0,0,0,0
1882,X25519-ML-KEM-768,20,1,1500,35.08,0,0,0,0
1883,X25519-ML-KEM-768,20,1,1500,34.91,0,0,0,0
1884,X25519-ML-KEM-768,20,1,1500,35.58,0,0,0,0
1885,X25519-ML-KEM-768,20,1,1500,35.13,0,0,0,0
1886,X25519-ML-KEM-768,20,1,1500,35.5,0,0,0,0
1887,X25519-ML-KEM-768,20,1,1500,37.05,0,0,0,0
1888,X25519-ML-KEM-768,20,1,1500,59.92,5493,4272,7,6
1889,X25519-ML-KEM-768,20,1,1500,35.96,0,0,0,0
1890,X25519-ML-KEM-768,20,1,1500,35.55,0,0,0,0
1891,X25519-ML-KEM-768,20,1,1500,35.0,0,0,0,0
1892,X25519-ML-KEM-768,20,1,1500,35.95,0,0,0,0
1893,X25519-ML-KEM-768,20,1,1500,35.63,0,0,0,0
1894,X25519-ML-KEM-768,20,1,1500,35.18,0,0,0,0
1895,X25519-ML-KEM-768,20,1,1500,35.19,0,0,0,0
1896,X25519-ML-KEM-768,20,1,1500,35.42,0,0,0,0
1897,X25519-ML-KEM-768,20,1,1500,35.37,0,0,0,0
1898,X25519-ML-KEM-768,20,1,1500,35.48,0,0,0,0
1899,X25519-ML-KEM-768,20,1,1500,35.46,4251,3030,6,5
1900,X25519-ML-KEM-768,20,1,1500,34.98,0,0,0,0
1901,X25519-ML-KEM-768,20,3,1500,35.31,0,0,0,0
1902,X25519-ML-KEM-768,20,3,1500,35.28,0,0,0,0
1903,X25519-ML-KEM-768,20,3,1500,35.19,0,0,0,0
1904,X25519-ML-KEM-768,20,3,1500,113.32,4338,3211,7,7
1905,X25519-ML-KEM-768,20,3,1500,35.81,0,0,0,0
1906,X25519-ML-KEM-768,20,3,1500,113.49,4490,3353,9,9
1907,X25519-ML-KEM-768,20,3,1500,35.97,0,0,0,0
1908,X25519-ML-KEM-768,20,3,1500,36.19,0,0,0,0
1909,X25519-ML-KEM-768,20,3,1500,35.25,0,0,0,0
1910,X25519-ML-KEM-768,20,3,1500,35.21,0,0,0,0
1911,X25519-ML-KEM-768,20,3,1500,35.43,0,0,0,0
1912,X25519-ML-KEM-768,20,3,1500,35.11,0,0,0,0
1913,X25519-ML-KEM-768,20,3,1500,35.18,0,0,0,0
1914,X25519-ML-KEM-768,20,3,1500,35.47,0,0,0,0
1915,X25519-ML-KEM-768,20,3,1500,124.2,4251,3123,6,6
1916,X25519-ML-KEM-768,20,3,1500,35.29,0,0,0,0
1917,X25519-ML-KEM-768,20,3,1500,35.95,0,0,0,0
1918,X25519-ML-KEM-768,20,3,1500,35.75,0,0,0,0
1919,X25519-ML-KEM-768,20,3,1500,35.31,4251,3030,6,5
1920,X25519-ML-KEM-768,20,3,1500,35.34,0,0,0,0
1921,X25519-ML-KEM-768,20,3,1500,35.95,0,0,0,0
1922,X25519-ML-KEM-768,20,3,1500,35.18,0,0,0,0
1923,X25519-ML-KEM-768,20,3,1500,36.59,0,0,0,0
1924,X25519-ML-KEM-768,20,3,1500,35.16,4251,2955,6,4
1925,X25519-ML-KEM-768,20,3,1500,35.24,0,0,0,0
1926,X25519-ML-KEM-768,20,3,1500,35.46,0,0,0,0
1927,X25519-ML-KEM-768,20,3,1500,35.19,0,0,0,0
1928,X25519-ML-KEM-768,20,3,1500,35.36,0,0,0,0
1929,X25519-ML-KEM-768,20,3,1500,35.56,0,0,0,0
1930,X25519-ML-KEM-768,20,3,1500,35.0,0,0,0,0
1931,X25519-ML-KEM-768,20,3,1500,35.26,0,0,0,0
1932,X25519-ML-KEM-768,20,3,1500,35.51,0,0,0,0
1933,X25519-ML-KEM-768,20,3,1500,35.04,0,0,0,0
1934,X25519-ML-KEM-768,20,3,1500,35.2,0,0,0,0
1935,X25519-ML-KEM-768,20,3,1500,304.32,4251,3124,6,6
1936,X25519-ML-KEM-768,20,3,1500,55.89,0,0,0,0
1937,X25519-ML-KEM-768,20,3,1500,35.22,0,0,0,0
1938,X25519-ML-KEM-768,20,3,1500,35.8,0,0,0,0
1939,X25519-ML-KEM-768,20,3,1500,35.65,0,0,0,0
1940,X25519-ML-KEM-768,20,3,1500,36.25,0,0,0,0
1941,X25519-ML-KEM-768,20,3,1500,35.83,0,0,0,0
1942,X25519-ML-KEM-768,20,3,1500,36.8,4251,2955,6,4
1943,X25519-ML-KEM-768,20,3,1500,35.64,0,0,0,0
1944,X25519-ML-KEM-768,20,3,1500,35.84,0,0,0,0
1945,X25519-ML-KEM-768,20,3,1500,35.38,4251,3030,6,5
1946,X25519-ML-KEM-768,20,3,1500,35.48,0,0,0,0
1947,X25519-ML-KEM-768,20,3,1500,36.02,0,0,0,0
1948,X25519-ML-KEM-768,20,3,1500,35.34,0,0,0,0
1949,X25519-ML-KEM-768,20,3,1500,35.8,0,0,0,0
1950,X25519-ML-KEM-768,20,3,1500,36.02,0,0,0,0
1951,X25519-ML-KEM-768,20,5,1500,35.94,0,0,0,0
1952,X25519-ML-KEM-768,20,5,1500,35.57,0,0,0,0
1953,X25519-ML-KEM-768,20,5,1500,36.61,0,0,0,0
1954,X25519-ML-KEM-768,20,5,1500,35.38,0,0,0,0
1955,X25519-ML-KEM-768,20,5,1500,35.65,0,0,0,0
1956,X25519-ML-KEM-768,20,5,1500,37.1,0,0,0,0
1957,X25519-ML-KEM-768,20,5,1500,35.54,0,0,0,0
1958,X25519-ML-KEM-768,20,5,1500,35.63,0,0,0,0
1959,X25519-ML-KEM-768,20,5,1500,36.89,0,0,0,0
1960,X25519-ML-KEM-768,20,5,1500,35.5,0,0,0,0
1961,X25519-ML-KEM-768,20,5,1500,35.41,0,0,0,0
1962,X25519-ML-KEM-768,20,5,1500,35.61,4614,3618,11,9
1963,X25519-ML-KEM-768,20,5,1500,35.49,0,0,0,0
1964,X25519-ML-KEM-768,20,5,1500,35.82,0,0,0,0
1965,X25519-ML-KEM-768,20,5,1500,113.71,0,0,0,0
1966,X25519-ML-KEM-768,20,5,1500,35.69,0,0,0,0
1967,X25519-ML-KEM-768,20,5,1500,35.75,0,0,0,0
1968,X25519-ML-KEM-768,20,5,1500,35.46,4396,3272,8,8
1969,X25519-ML-KEM-768,20,5,1500,36.2,3205,3196,8,7
1970,X25519-ML-KEM-768,20,5,1500,35.94,0,0,0,0
1971,X25519-ML-KEM-768,20,5,1500,36.17,0,0,0,0
1972,X25519-ML-KEM-768,20,5,1500,35.35,4186,2299,8,5
1973,X25519-ML-KEM-768,20,5,1500,55.89,0,0,0,0
1974,X25519-ML-KEM-768,20,5,1500,35.99,0,0,0,0
1975,X25519-ML-KEM-768,20,5,1500,126.01,4251,3123,6,6
1976,X25519-ML-KEM-768,20,5,1500,36.12,0,0,0,0
1977,X25519-ML-KEM-768,20,5,1500,35.57,0,0,0,0
1978,X25519-ML-KEM-768,20,5,1500,36.46,4115,2370,7,6
1979,X25519-ML-KEM-768,20,5,1500,113.42,0,0,0,0
1980,X25519-ML-KEM-768,20,5,1500,35.75,0,0,0,0
1981,X25519-ML-KEM-768,20,5,1500,124.64,4251,3123,6,6
1982,X25519-ML-KEM-768,20,5,1500,35.32,0,0,0,0
1983,X25519-ML-KEM-768,20,5,1500,36.15,0,0,0,0
1984,X25519-ML-KEM-768,20,5,1500,124.53,4251,3123,6,6
1985,X25519-ML-KEM-768,20,5,1500,125.31,4251,3123,6,6
1986,X25519-ML-KEM-768,20,5,1500,35.57,0,0,0,0
1987,X25519-ML-KEM-768,20,5,1500,59.43,0,0,0,0
1988,X25519-ML-KEM-768,20,5,1500,36.39,0,0,0,0
1989,X25519-ML-KEM-768,20,5,1500,35.28,0,0,0,0
1990,X25519-ML-KEM-768,20,5,1500,35.15,0,0,0,0
1991,X25519-ML-KEM-768,20,5,1500,56.66,0,0,0,0
1992,X25519-ML-KEM-768,20,5,1500,36.22,0,0,0,0
1993,X25519-ML-KEM-768,20,5,1500,35.27,0,0,0,0
1994,X25519-ML-KEM-768,20,5,1500,35.86,0,0,0,0
1995,X25519-ML-KEM-768,20,5,1500,36.62,0,0,0,0
1996,X25519-ML-KEM-768,20,5,1500,36.28,0,0,0,0
1997,X25519-ML-KEM-768,20,5,1500,35.26,0,0,0,0
1998,X25519-ML-KEM-768,20,5,1500,35.3,0,0,0,0
1999,X25519-ML-KEM-768,20,5,1500,35.27,4479,3338,9,9
2000,X25519-ML-KEM-768,20,5,1500,35.07,0,0,0,0
2001,X25519-ML-KEM-768,80,0,1500,96.16,4251,3121,6,6
2002,X25519-ML-KEM-768,80,0,1500,95.8,4251,3121,6,6
2003,X25519-ML-KEM-768,80,0,1500,95.44,4251,3121,6,6
2004,X25519-ML-KEM-768,80,0,1500,95.78,4251,3121,6,6
2005,X25519-ML-KEM-768,80,0,1500,95.57,4251,3121,6,6
2006,X25519-ML-KEM-768,80,0,1500,95.6,4251,3121,6,6
2007,X25519-ML-KEM-768,80,0,1500,96.03,4251,3121,6,6
2008,X25519-ML-KEM-768,80,0,1500,95.34,4251,3121,6,6
2009,X25519-ML-KEM-768,80,0,1500,95.72,4251,3121,6,6
2010,X25519-ML-KEM-768,80,0,1500,96.26,4251,3121,6,6
2011,X25519-ML-KEM-768,80,0,1500,95.77,4251,3121,6,6
2012,X25519-ML-KEM-768,80,0,1500,95.58,4251,3121,6,6
2013,X25519-ML-KEM-768,80,0,1500,101.36,4251,3121,6,6
2014,X25519-ML-KEM-768,80,0,1500,95.59,4251,3121,6,6
2015,X25519-ML-KEM-768,80,0,1500,95.76,4251,3121,6,6
2016,X25519-ML-KEM-768,80,0,1500,95.56,4251,3121,6,6
2017,X25519-ML-KEM-768,80,0,1500,96.56,4251,3121,6,6
2018,X25519-ML-KEM-768,80,0,1500,95.44,4251,3121,6,6
2019,X25519-ML-KEM-768,80,0,1500,95.29,4251,3121,6,6
2020,X25519-ML-KEM-768,80,0,1500,95.99,4251,3121,6,6
2021,X25519-ML-KEM-768,80,0,1500,95.58,4251,3121,6,6
2022,X25519-ML-KEM-768,80,0,1500,95.98,4251,3121,6,6
2023,X25519-ML-KEM-768,80,0,1500,95.71,4251,3121,6,6
2024,X25519-ML-KEM-768,80,0,1500,96.03,4251,3121,6,6
2025,X25519-ML-KEM-768,80,0,1500,95.52,4251,3121,6,6
2026,X25519-ML-KEM-768,80,0,1500,95.79,4251,3122,6,6
2027,X25519-ML-KEM-768,80,0,1500,95.83,4251,3121,6,6
2028,X25519-ML-KEM-768,80,0,1500,95.38,4251,3121,6,6
2029,X25519-ML-KEM-768,80,0,1500,96.05,4251,3121,6,6
2030,X25519-ML-KEM-768,80,0,1500,95.69,4251,3121,6,6
2031,X25519-ML-KEM-768,80,0,1500,95.85,4251,3121,6,6
2032,X25519-ML-KEM-768,80,0,1500,97.19,4251,3121,6,6
2033,X25519-ML-KEM-768,80,0,1500,95.57,4251,3121,6,6
2034,X25519-ML-KEM-768,80,0,1500,95.76,4251,3121,6,6
2035,X25519-ML-KEM-768,80,0,1500,95.88,4251,3121,6,6
2036,X25519-ML-KEM-768,80,0,1500,95.8,4251,3121,6,6
2037,X25519-ML-KEM-768,80,0,1500,95.73,4251,3121,6,6
2038,X25519-ML-KEM-768,80,0,1500,95.92,4251,3121,6,6
2039,X25519-ML-KEM-768,80,0,1500,96.46,4251,3121,6,6
2040,X25519-ML-KEM-768,80,0,1500,95.91,4251,3121,6,6
2041,X25519-ML-KEM-768,80,0,1500,95.58,4251,3122,6,6
2042,X25519-ML-KEM-768,80,0,1500,95.5,4251,3121,6,6
2043,X25519-ML-KEM-768,80,0,1500,95.79,4251,3121,6,6
2044,X25519-ML-KEM-768,80,0,1500,95.9,4251,3122,6,6
2045,X25519-ML-KEM-768,80,0,1500,95.5,4251,3121,6,6
2046,X25519-ML-KEM-768,80,0,1500,95.47,4251,3121,6,6
2047,X25519-ML-KEM-768,80,0,1500,95.77,4251,3122,6,6
2048,X25519-ML-KEM-768,80,0,1500,95.37,4251,3121,6,6
2049,X25519-ML-KEM-768,80,0,1500,96.45,4251,3121,6,6
2050,X25519-ML-KEM-768,80,0,1500,95.8,4251,3122,6,6
2051,X25519-ML-KEM-768,80,1,1500,95.51,4251,3121,6,6
2052,X25519-ML-KEM-768,80,1,1500,95.42,4251,3121,6,6
2053,X25519-ML-KEM-768,80,1,1500,95.33,4251,3122,6,6
2054,X25519-ML-KEM-768,80,1,1500,95.28,4251,3121,6,6
2055,X25519-ML-KEM-768,80,1,1500,95.59,4251,3121,6,6
2056,X25519-ML-KEM-768,80,1,1500,95.81,4251,3122,6,6
2057,X25519-ML-KEM-768,80,1,1500,95.35,4251,3121,6,6
2058,X25519-ML-KEM-768,80,1,1500,95.71,4251,3121,6,6
2059,X25519-ML-KEM-768,80,1,1500,96.01,4251,3122,6,6
2060,X25519-ML-KEM-768,80,1,1500,95.34,4251,3121,6,6
2061,X25519-ML-KEM-768,80,1,1500,95.46,4251,3121,6,6
2062,X25519-ML-KEM-768,80,1,1500,95.68,4251,3121,6,6
2063,X25519-ML-KEM-768,80,1,1500,95.74,4251,3121,6,6
2064,X25519-ML-KEM-768,80,1,1500,95.51,4251,3121,6,6
2065,X25519-ML-KEM-768,80,1,1500,95.95,4251,3121,6,6
2066,X25519-ML-KEM-768,80,1,1500,95.63,4251,3121,6,6
2067,X25519-ML-KEM-768,80,1,1500,95.69,4251,3121,6,6
2068,X25519-ML-KEM-768,80,1,1500,97.56,4251,3122,6,6
2069,X25519-ML-KEM-768,80,1,1500,95.79,4251,3121,6,6
2070,X25519-ML-KEM-768,80,1,1500,365.24,2484,1685,2,3
2071,X25519-ML-KEM-768,80,1,1500,96.35,4251,3121,6,6
2072,X25519-ML-KEM-768,80,1,1500,95.85,4251,3121,6,6
2073,X25519-ML-KEM-768,80,1,1500,95.35,4251,3121,6,6
2074,X25519-ML-KEM-768,80,1,1500,96.66,4251,3121,6,6
2075,X25519-ML-KEM-768,80,1,1500,95.5,4251,3121,6,6
2076,X25519-ML-KEM-768,80,1,1500,95.68,4251,3121,6,6
2077,X25519-ML-KEM-768,80,1,1500,95.96,4251,3121,6,6
2078,X25519-ML-KEM-768,80,1,1500,95.42,4251,3121,6,6
2079,X25519-ML-KEM-768,80,1,1500,95.45,4251,3121,6,6
2080,X25519-ML-KEM-768,80,1,1500,95.91,4251,3121,6,6
2081,X25519-ML-KEM-768,80,1,1500,96.42,4251,3121,6,6
2082,X25519-ML-KEM-768,80,1,1500,95.75,4251,3121,6,6
2083,X25519-ML-KEM-768,80,1,1500,95.92,4251,3121,6,6
2084,X25519-ML-KEM-768,80,1,1500,95.83,4251,3121,6,6
2085,X25519-ML-KEM-768,80,1,1500,95.7,4251,3121,6,6
2086,X25519-ML-KEM-768,80,1,1500,95.77,4251,3121,6,6
2087,X25519-ML-KEM-768,80,1,1500,95.69,4251,3121,6,6
2088,X25519-ML-KEM-768,80,1,1500,95.76,4251,3121,6,6
2089,X25519-ML-KEM-768,80,1,1500,95.49,4251,3121,6,6
2090,X25519-ML-KEM-768,80,1,1500,95.81,4251,3121,6,6
2091,X25519-ML-KEM-768,80,1,1500,95.48,4251,3121,6,6
2092,X25519-ML-KEM-768,80,1,1500,96.17,4251,3121,6,6
2093,X25519-ML-KEM-768,80,1,1500,365.61,2484,91,2,1
2094,X25519-ML-KEM-768,80,1,1500,95.61,4251,3121,6,6
2095,X25519-ML-KEM-768,80,1,1500,95.91,4251,3121,6,6
2096,X25519-ML-KEM-768,80,1,1500,95.37,4251,3121,6,6
2097,X25519-ML-KEM-768,80,1,1500,95.39,4251,3121,6,6
2098,X25519-ML-KEM-768,80,1,1500,96.29,4251,3121,6,6
2099,X25519-ML-KEM-768,80,1,1500,95.52,4251,3121,6,6
2100,X25519-ML-KEM-768,80,1,1500,95.68,4251,3121,6,6
2101,X25519-ML-KEM-768,80,3,1500,177.16,5493,3470,7,7
2102,X25519-ML-KEM-768,80,3,1500,95.79,4251,3121,6,6
2103,X25519-ML-KEM-768,80,3,1500,95.54,4251,3121,6,6
2104,X25519-ML-KEM-768,80,3,1500,97.31,4251,3122,6,6
2105,X25519-ML-KEM-768,80,3,1500,96.33,4251,3121,6,6
2106,X25519-ML-KEM-768,80,3,1500,95.83,4241,2099,6,6
2107,X25519-ML-KEM-768,80,3,1500,177.01,5493,3470,7,7
2108,X25519-ML-KEM-768,80,3,1500,96.41,4251,3121,6,6
2109,X25519-ML-KEM-768,80,3,1500,96.02,4251,3121,6,6
2110,X25519-ML-KEM-768,80,3,1500,96.01,3009,3121,5,6
2111,X25519-ML-KEM-768,80,3,1500,95.4,4251,3121,6,6
2112,X25519-ML-KEM-768,80,3,1500,95.41,4251,3121,6,6
2113,X25519-ML-KEM-768,80,3,1500,96.5,4251,3121,6,6
2114,X25519-ML-KEM-768,80,3,1500,95.6,4251,3121,6,6
2115,X25519-ML-KEM-768,80,3,1500,96.13,4251,3121,6,6
2116,X25519-ML-KEM-768,80,3,1500,189.15,5493,4272,7,6
2117,X25519-ML-KEM-768,80,3,1500,95.57,4251,3121,6,6
2118,X25519-ML-KEM-768,80,3,1500,95.59,4327,3121,7,6
2119,X25519-ML-KEM-768,80,3,1500,96.28,4251,3030,6,5
2120,X25519-ML-KEM-768,80,3,1500,95.72,4251,3121,6,6
2121,X25519-ML-KEM-768,80,3,1500,95.53,4251,3121,6,6
2122,X25519-ML-KEM-768,80,3,1500,96.18,4325,2020,7,5
2123,X25519-ML-KEM-768,80,3,1500,95.77,4251,3121,6,6
2124,X25519-ML-KEM-768,80,3,1500,324.68,4266,1773,6,4
2125,X25519-ML-KEM-768,80,3,1500,95.98,4251,3121,6,6
2126,X25519-ML-KEM-768,80,3,1500,96.1,3009,3121,5,6
2127,X25519-ML-KEM-768,80,3,1500,95.49,4251,3051,6,5
2128,X25519-ML-KEM-768,80,3,1500,96.22,4251,3121,6,6
2129,X25519-ML-KEM-768,80,3,1500,95.95,4251,3121,6,6
2130,X25519-ML-KEM-768,80,3,1500,95.53,4251,3121,6,6
2131,X25519-ML-KEM-768,80,3,1500,95.75,4298,2855,6,5
2132,X25519-ML-KEM-768,80,3,1500,95.37,4251,3121,6,6
2133,X25519-ML-KEM-768,80,3,1500,95.56,4251,3121,6,6
2134,X25519-ML-KEM-768,80,3,1500,96.08,4251,3121,6,6
2135,X25519-ML-KEM-768,80,3,1500,364.77,2484,1685,2,3
2136,X25519-ML-KEM-768,80,3,1500,95.4,4251,3121,6,6
2137,X25519-ML-KEM-768,80,3,1500,95.7,4251,3121,6,6
2138,X25519-ML-KEM-768,80,3,1500,95.42,4251,3121,6,6
2139,X25519-ML-KEM-768,80,3,1500,95.23,4241,2024,6,5
2140,X25519-ML-KEM-768,80,3,1500,96.65,4251,3122,6,6
2141,X25519-ML-KEM-768,80,3,1500,95.17,3056,2855,5,5
2142,X25519-ML-KEM-768,80,3,1500,95.54,4251,3121,6,6
2143,X25519-ML-KEM-768,80,3,1500,95.93,4251,3121,6,6
2144,X25519-ML-KEM-768,80,3,1500,95.73,4251,3121,6,6
2145,X25519-ML-KEM-768,80,3,1500,96.5,3009,3121,5,6
2146,X25519-ML-KEM-768,80,3,1500,96.41,4251,3121,6,6
2147,X25519-ML-KEM-768,80,3,1500,96.24,4251,3121,6,6
2148,X25519-ML-KEM-768,80,3,1500,95.55,4251,3121,6,6
2149,X25519-ML-KEM-768,80,3,1500,95.9,4251,3121,6,6
2150,X25519-ML-KEM-768,80,3,1500,95.58,4396,3276,8,8
2151,X25519-ML-KEM-768,80,5,1500,95.42,4327,3121,7,6
2152,X25519-ML-KEM-768,80,5,1500,325.1,3813,1773,4,4
2153,X25519-ML-KEM-768,80,5,1500,95.69,4251,3121,6,6
2154,X25519-ML-KEM-768,80,5,1500,95.37,4251,3121,6,6
2155,X25519-ML-KEM-768,80,5,1500,96.03,4251,3121,6,6
2156,X25519-ML-KEM-768,80,5,1500,95.4,4251,3121,6,6
2157,X25519-ML-KEM-768,80,5,1500,95.76,4251,3121,6,6
2158,X25519-ML-KEM-768,80,5,1500,96.09,4251,3121,6,6
2159,X25519-ML-KEM-768,80,5,1500,324.12,4266,1773,6,4
2160,X25519-ML-KEM-768,80,5,1500,96.49,4251,3121,6,6
2161,X25519-ML-KEM-768,80,5,1500,365.75,2484,1685,2,3
2162,X25519-ML-KEM-768,80,5,1500,95.57,4179,3192,5,7
2163,X25519-ML-KEM-768,80,5,1500,95.4,4251,3192,6,7
2164,X25519-ML-KEM-768,80,5,1500,95.71,4251,3122,6,6
2165,X25519-ML-KEM-768,80,5,1500,95.34,4251,3192,6,7
2166,X25519-ML-KEM-768,80,5,1500,95.4,4298,2780,6,4
2167,X25519-ML-KEM-768,80,5,1500,95.99,4251,3122,6,6
2168,X25519-ML-KEM-768,80,5,1500,187.4,5493,4343,7,7
2169,X25519-ML-KEM-768,80,5,1500,96.04,4251,3121,6,6
2170,X25519-ML-KEM-768,80,5,1500,365.41,2484,1686,2,3
2171,X25519-ML-KEM-768,80,5,1500,177.32,5493,3470,7,7
2172,X25519-ML-KEM-768,80,5,1500,365.51,2484,1685,2,3
2173,X25519-ML-KEM-768,80,5,1500,95.72,4251,3122,6,6
2174,X25519-ML-KEM-768,80,5,1500,95.41,4251,3121,6,6
2175,X25519-ML-KEM-768,80,5,1500,95.42,3950,1683,5,3
2176,X25519-ML-KEM-768,80,5,1500,97.06,4251,3121,6,6
2177,X25519-ML-KEM-768,80,5,1500,97.37,4251,3121,6,6
2178,X25519-ML-KEM-768,80,5,1500,176.31,5493,3470,7,7
2179,X25519-ML-KEM-768,80,5,1500,95.81,4251,3121,6,6
2180,X25519-ML-KEM-768,80,5,1500,95.87,4251,3121,6,6
2181,X25519-ML-KEM-768,80,5,1500,95.82,4251,3121,6,6
2182,X25519-ML-KEM-768,80,5,1500,95.77,4251,3122,6,6
2183,X25519-ML-KEM-768,80,5,1500,95.51,4251,3121,6,6
2184,X25519-ML-KEM-768,80,5,1500,95.4,4251,3121,6,6
2185,X25519-ML-KEM-768,80,5,1500,96.04,4298,2856,6,5
2186,X25519-ML-KEM-768,80,5,1500,95.67,4251,3121,6,6
2187,X25519-ML-KEM-768,80,5,1500,95.41,3809,2033,4,4
2188,X25519-ML-KEM-768,80,5,1500,324.62,3813,1774,4,4
2189,X25519-ML-KEM-768,80,5,1500,96.08,4251,3121,6,6
2190,X25519-ML-KEM-768,80,5,1500,96.34,4251,3121,6,6
2191,X25519-ML-KEM-768,80,5,1500,96.24,4251,3122,6,6
2192,X25519-ML-KEM-768,80,5,1500,96.12,4251,3121,6,6
2193,X25519-ML-KEM-768,80,5,1500,95.81,4241,2099,6,6
2194,X25519-ML-KEM-768,80,5,1500,365.27,2484,1685,2,3
2195,X25519-ML-KEM-768,80,5,1500,95.32,4251,3046,6,5
2196,X25519-ML-KEM-768,80,5,1500,176.7,5493,3470,7,7
2197,X25519-ML-KEM-768,80,5,1500,95.69,4251,3121,6,6
2198,X25519-ML-KEM-768,80,5,1500,95.37,4298,2855,6,5
2199,X25519-ML-KEM-768,80,5,1500,95.66,4251,3121,6,6
2200,X25519-ML-KEM-768,80,5,1500,95.99,4251,3121,6,6
2201,X25519-ML-KEM-768,160,0,1500,175.65,4251,3121,6,6
2202,X25519-ML-KEM-768,160,0,1500,176.06,4251,3121,6,6
2203,X25519-ML-KEM-768,160,0,1500,175.88,4251,3121,6,6
2204,X25519-ML-KEM-768,160,0,1500,175.96,4251,3121,6,6
2205,X25519-ML-KEM-768,160,0,1500,176.05,4251,3121,6,6
2206,X25519-ML-KEM-768,160,0,1500,176.1,4251,3121,6,6
2207,X25519-ML-KEM-768,160,0,1500,175.78,4251,3121,6,6
2208,X25519-ML-KEM-768,160,0,1500,175.52,4251,3121,6,6
2209,X25519-ML-KEM-768,160,0,1500,176.74,4251,3121,6,6
2210,X25519-ML-KEM-768,160,0,1500,175.67,4251,3121,6,6
2211,X25519-ML-KEM-768,160,0,1500,175.62,4251,3121,6,6
2212,X25519-ML-KEM-768,160,0,1500,177.23,4251,3121,6,6
2213,X25519-ML-KEM-768,160,0,1500,175.63,4251,3121,6,6
2214,X25519-ML-KEM-768,160,0,1500,175.57,4251,3121,6,6
2215,X25519-ML-KEM-768,160,0,1500,175.95,4251,3121,6,6
2216,X25519-ML-KEM-768,160,0,1500,175.52,4251,3121,6,6
2217,X25519-ML-KEM-768,160,0,1500,175.47,4251,3121,6,6
2218,X25519-ML-KEM-768,160,0,1500,176.31,4251,3121,6,6
2219,X25519-ML-KEM-768,160,0,1500,175.7,4251,3121,6,6
2220,X25519-ML-KEM-768,160,0,1500,175.58,4251,3121,6,6
2221,X25519-ML-KEM-768,160,0,1500,175.97,4251,3121,6,6
2222,X25519-ML-KEM-768,160,0,1500,175.6,4251,3121,6,6
2223,X25519-ML-KEM-768,160,0,1500,175.59,4251,3121,6,6
2224,X25519-ML-KEM-768,160,0,1500,176.05,4251,3121,6,6
2225,X25519-ML-KEM-768,160,0,1500,175.6,4251,3121,6,6
2226,X25519-ML-KEM-768,160,0,1500,177.6,4251,3121,6,6
2227,X25519-ML-KEM-768,160,0,1500,176.65,4251,3121,6,6
2228,X25519-ML-KEM-768,160,0,1500,175.78,4251,3121,6,6
2229,X25519-ML-KEM-768,160,0,1500,175.47,4251,3121,6,6
2230,X25519-ML-KEM-768,160,0,1500,176.17,4251,3121,6,6
2231,X25519-ML-KEM-768,160,0,1500,175.86,4251,3121,6,6
2232,X25519-ML-KEM-768,160,0,1500,175.6,4251,3121,6,6
2233,X25519-ML-KEM-768,160,0,1500,175.73,4251,3121,6,6
2234,X25519-ML-KEM-768,160,0,1500,175.69,4251,3121,6,6
2235,X25519-ML-KEM-768,160,0,1500,175.5,4251,3121,6,6
2236,X25519-ML-KEM-768,160,0,1500,176.08,4251,3121,6,6
2237,X25519-ML-KEM-768,160,0,1500,175.87,4251,3121,6,6
2238,X25519-ML-KEM-768,160,0,1500,176.16,4251,3121,6,6
2239,X25519-ML-KEM-768,160,0,1500,176.0,4251,3121,6,6
2240,X25519-ML-KEM-768,160,0,1500,175.58,4251,3121,6,6
2241,X25519-ML-KEM-768,160,0,1500,176.11,4251,3121,6,6
2242,X25519-ML-KEM-768,160,0,1500,175.99,4251,3121,6,6
2243,X25519-ML-KEM-768,160,0,1500,175.9,4251,3121,6,6
2244,X25519-ML-KEM-768,160,0,1500,175.71,4251,3121,6,6
2245,X25519-ML-KEM-768,160,0,1500,176.66,4251,3121,6,6
2246,X25519-ML-KEM-768,160,0,1500,175.66,4251,3121,6,6
2247,X25519-ML-KEM-768,160,0,1500,176.31,4251,3121,6,6
2248,X25519-ML-KEM-768,160,0,1500,177.27,4251,3122,6,6
2249,X25519-ML-KEM-768,160,0,1500,175.58,4251,3121,6,6
2250,X25519-ML-KEM-768,160,0,1500,175.59,4251,3121,6,6
2251,X25519-ML-KEM-768,160,1,1500,175.91,4251,3121,6,6
2252,X25519-ML-KEM-768,160,1,1500,175.77,4251,3121,6,6
2253,X25519-ML-KEM-768,160,1,1500,175.63,4251,3121,6,6
2254,X25519-ML-KEM-768,160,1,1500,176.03,4251,3121,6,6
2255,X25519-ML-KEM-768,160,1,1500,175.62,4251,3121,6,6
2256,X25519-ML-KEM-768,160,1,1500,175.75,4251,3121,6,6
2257,X25519-ML-KEM-768,160,1,1500,176.03,4251,3121,6,6
2258,X25519-ML-KEM-768,160,1,1500,175.72,4251,3121,6,6
2259,X25519-ML-KEM-768,160,1,1500,176.05,4251,3121,6,6
2260,X25519-ML-KEM-768,160,1,1500,176.29,4251,3121,6,6
2261,X25519-ML-KEM-768,160,1,1500,176.0,4251,3121,6,6
2262,X25519-ML-KEM-768,160,1,1500,175.71,4251,3121,6,6
2263,X25519-ML-KEM-768,160,1,1500,176.21,4251,3121,6,6
2264,X25519-ML-KEM-768,160,1,1500,175.82,4251,3121,6,6
2265,X25519-ML-KEM-768,160,1,1500,175.86,4298,2855,6,5
2266,X25519-ML-KEM-768,160,1,1500,176.27,4251,3121,6,6
2267,X25519-ML-KEM-768,160,1,1500,176.07,4251,3121,6,6
2268,X25519-ML-KEM-768,160,1,1500,338.23,5493,3470,7,7
2269,X25519-ML-KEM-768,160,1,1500,176.28,4251,3121,6,6
2270,X25519-ML-KEM-768,160,1,1500,176.16,4251,3121,6,6
2271,X25519-ML-KEM-768,160,1,1500,176.01,4251,3121,6,6
2272,X25519-ML-KEM-768,160,1,1500,176.98,4251,3121,6,6
2273,X25519-ML-KEM-768,160,1,1500,176.62,4537,3546,10,8
2274,X25519-ML-KEM-768,160,1,1500,175.9,4251,3121,6,6
2275,X25519-ML-KEM-768,160,1,1500,176.21,4251,3121,6,6
2276,X25519-ML-KEM-768,160,1,1500,175.83,4251,3121,6,6
2277,X25519-ML-KEM-768,160,1,1500,175.87,4251,3121,6,6
2278,X25519-ML-KEM-768,160,1,1500,176.28,4251,3121,6,6
2279,X25519-ML-KEM-768,160,1,1500,175.9,4251,3121,6,6
2280,X25519-ML-KEM-768,160,1,1500,175.72,4251,3121,6,6
2281,X25519-ML-KEM-768,160,1,1500,176.22,4251,3121,6,6
2282,X25519-ML-KEM-768,160,1,1500,175.93,4251,3121,6,6
2283,X25519-ML-KEM-768,160,1,1500,175.7,4251,3121,6,6
2284,X25519-ML-KEM-768,160,1,1500,177.05,4251,3122,6,6
2285,X25519-ML-KEM-768,160,1,1500,175.89,4251,3121,6,6
2286,X25519-ML-KEM-768,160,1,1500,337.05,5493,3470,7,7
2287,X25519-ML-KEM-768,160,1,1500,188.82,4251,3030,6,5
2288,X25519-ML-KEM-768,160,1,1500,175.91,4251,3121,6,6
2289,X25519-ML-KEM-768,160,1,1500,176.43,4251,3121,6,6
2290,X25519-ML-KEM-768,160,1,1500,176.16,4251,3121,6,6
2291,X25519-ML-KEM-768,160,1,1500,175.63,4251,3121,6,6
2292,X25519-ML-KEM-768,160,1,1500,175.65,4251,3122,6,6
2293,X25519-ML-KEM-768,160,1,1500,175.73,4251,3121,6,6
2294,X25519-ML-KEM-768,160,1,1500,175.95,4251,3121,6,6
2295,X25519-ML-KEM-768,160,1,1500,175.74,4251,3121,6,6
2296,X25519-ML-KEM-768,160,1,1500,175.65,4251,3121,6,6
2297,X25519-ML-KEM-768,160,1,1500,175.62,4251,3121,6,6
2298,X25519-ML-KEM-768,160,1,1500,175.84,4251,3121,6,6
2299,X25519-ML-KEM-768,160,1,1500,175.53,3009,3121,5,6
2300,X25519-ML-KEM-768,160,1,1500,175.68,4251,3120,6,6
2301,X25519-ML-KEM-768,160,3,1500,356.97,5493,4272,7,6
2302,X25519-ML-KEM-768,160,3,1500,175.37,4327,3121,7,6
2303,X25519-ML-KEM-768,160,3,1500,176.53,4251,3122,6,6
2304,X25519-ML-KEM-768,160,3,1500,176.84,4298,2780,6,4
2305,X25519-ML-KEM-768,160,3,1500,176.88,3009,3121,5,6
2306,X25519-ML-KEM-768,160,3,1500,176.32,4251,3122,6,6
2307,X25519-ML-KEM-768,160,3,1500,175.56,4251,3121,6,6
2308,X25519-ML-KEM-768,160,3,1500,175.58,4251,3121,6,6
2309,X25519-ML-KEM-768,160,3,1500,175.92,4251,3121,6,6
2310,X25519-ML-KEM-768,160,3,1500,175.62,4251,3121,6,6
2311,X25519-ML-KEM-768,160,3,1500,604.08,4338,3211,7,7
2312,X25519-ML-KEM-768,160,3,1500,175.79,4251,3121,6,6
2313,X25519-ML-KEM-768,160,3,1500,175.87,4251,3121,6,6
2314,X25519-ML-KEM-768,160,3,1500,175.72,4251,3120,6,6
2315,X25519-ML-KEM-768,160,3,1500,175.71,4251,3121,6,6
2316,X25519-ML-KEM-768,160,3,1500,1115.63,4338,3213,7,7
2317,X25519-ML-KEM-768,160,3,1500,175.92,4251,3122,6,6
2318,X25519-ML-KEM-768,160,3,1500,175.57,4251,3121,6,6
2319,X25519-ML-KEM-768,160,3,1500,175.45,4251,3121,6,6
2320,X25519-ML-KEM-768,160,3,1500,607.68,4340,3120,7,6
2321,X25519-ML-KEM-768,160,3,1500,336.63,5493,3470,7,7
2322,X25519-ML-KEM-768,160,3,1500,175.63,4251,3121,6,6
2323,X25519-ML-KEM-768,160,3,1500,175.9,4327,3122,7,6
2324,X25519-ML-KEM-768,160,3,1500,175.77,4251,3030,6,5
2325,X25519-ML-KEM-768,160,3,1500,175.73,4251,3121,6,6
2326,X25519-ML-KEM-768,160,3,1500,175.8,4251,3122,6,6
2327,X25519-ML-KEM-768,160,3,1500,176.1,4251,3121,6,6
2328,X25519-ML-KEM-768,160,3,1500,175.69,4251,3121,6,6
2329,X25519-ML-KEM-768,160,3,1500,766.18,5580,3561,8,8
2330,X25519-ML-KEM-768,160,3,1500,336.88,5493,3470,7,7
2331,X25519-ML-KEM-768,160,3,1500,175.7,4179,3192,5,7
2332,X25519-ML-KEM-768,160,3,1500,176.11,4251,3101,6,6
2333,X25519-ML-KEM-768,160,3,1500,175.67,4251,3192,6,7
2334,X25519-ML-KEM-768,160,3,1500,175.88,4396,3271,8,8
2335,X25519-ML-KEM-768,160,3,1500,176.09,4251,3193,6,7
2336,X25519-ML-KEM-768,160,3,1500,175.59,4251,3121,6,6
2337,X25519-ML-KEM-768,160,3,1500,176.69,4298,2855,6,5
2338,X25519-ML-KEM-768,160,3,1500,176.53,4251,3122,6,6
2339,X25519-ML-KEM-768,160,3,1500,175.59,4327,3192,7,7
2340,X25519-ML-KEM-768,160,3,1500,376.17,4251,3121,6,6
2341,X25519-ML-KEM-768,160,3,1500,604.17,4338,3211,7,7
2342,X25519-ML-KEM-768,160,3,1500,175.68,4251,3121,6,6
2343,X25519-ML-KEM-768,160,3,1500,175.64,4251,3121,6,6
2344,X25519-ML-KEM-768,160,3,1500,175.99,4251,3121,6,6
2345,X25519-ML-KEM-768,160,3,1500,175.88,4327,3121,7,6
2346,X25519-ML-KEM-768,160,3,1500,176.17,4251,3030,6,5
2347,X25519-ML-KEM-768,160,3,1500,357.28,5493,4343,7,7
2348,X25519-ML-KEM-768,160,3,1500,175.75,4251,3121,6,6
2349,X25519-ML-KEM-768,160,3,1500,686.6,4251,3123,6,6
2350,X25519-ML-KEM-768,160,3,1500,176.08,4251,3030,6,5
2351,X25519-ML-KEM-768,160,5,1500,686.46,4251,3123,6,6
2352,X25519-ML-KEM-768,160,5,1500,175.36,4251,3121,6,6
2353,X25519-ML-KEM-768,160,5,1500,175.84,4251,3122,6,6
2354,X25519-ML-KEM-768,160,5,1500,175.58,4251,3121,6,6
2355,X25519-ML-KEM-768,160,5,1500,175.46,4251,3121,6,6
2356,X25519-ML-KEM-768,160,5,1500,177.0,4251,3121,6,6
2357,X25519-ML-KEM-768,160,5,1500,175.5,4251,3121,6,6
2358,X25519-ML-KEM-768,160,5,1500,175.81,4251,3121,6,6
2359,X25519-ML-KEM-768,160,5,1500,176.19,4251,3121,6,6
2360,X25519-ML-KEM-768,160,5,1500,175.73,4251,3121,6,6
2361,X25519-ML-KEM-768,160,5,1500,175.62,4251,3121,6,6
2362,X25519-ML-KEM-768,160,5,1500,175.68,3009,3122,5,6
2363,X25519-ML-KEM-768,160,5,1500,175.54,4298,2855,6,5
2364,X25519-ML-KEM-768,160,5,1500,176.13,4251,3121,6,6
2365,X25519-ML-KEM-768,160,5,1500,177.02,4251,3030,6,5
2366,X25519-ML-KEM-768,160,5,1500,175.67,4251,3121,6,6
2367,X25519-ML-KEM-768,160,5,1500,176.2,4251,3121,6,6
2368,X25519-ML-KEM-768,160,5,1500,176.08,4251,3122,6,6
2369,X25519-ML-KEM-768,160,5,1500,176.48,4251,3121,6,6
2370,X25519-ML-KEM-768,160,5,1500,176.22,4251,3121,6,6
2371,X25519-ML-KEM-768,160,5,1500,176.4,4251,3122,6,6
2372,X25519-ML-KEM-768,160,5,1500,604.5,4338,3211,7,7
2373,X25519-ML-KEM-768,160,5,1500,175.51,3009,3121,5,6
2374,X25519-ML-KEM-768,160,5,1500,175.9,4251,3122,6,6
2375,X25519-ML-KEM-768,160,5,1500,175.77,4537,3546,10,8
2376,X25519-ML-KEM-768,160,5,1500,176.05,4613,3267,10,8
2377,X25519-ML-KEM-768,160,5,1500,175.68,4251,3121,6,6
2378,X25519-ML-KEM-768,160,5,1500,766.11,5580,3560,8,8
2379,X25519-ML-KEM-768,160,5,1500,175.86,4251,3121,6,6
2380,X25519-ML-KEM-768,160,5,1500,605.34,4338,3211,7,7
2381,X25519-ML-KEM-768,160,5,1500,175.45,4251,3121,6,6
2382,X25519-ML-KEM-768,160,5,1500,766.89,5580,3560,8,8
2383,X25519-ML-KEM-768,160,5,1500,175.88,4327,3121,7,6
2384,X25519-ML-KEM-768,160,5,1500,175.63,4251,3121,6,6
2385,X25519-ML-KEM-768,160,5,1500,175.77,4251,3121,6,6
2386,X25519-ML-KEM-768,160,5,1500,376.42,6735,4280,8,6
2387,X25519-ML-KEM-768,160,5,1500,175.41,4251,3121,6,6
2388,X25519-ML-KEM-768,160,5,1500,175.63,4251,3121,6,6
2389,X25519-ML-KEM-768,160,5,1500,176.17,4251,3121,6,6
2390,X25519-ML-KEM-768,160,5,1500,176.24,4327,3121,7,6
2391,X25519-ML-KEM-768,160,5,1500,175.87,4251,3121,6,6
2392,X25519-ML-KEM-768,160,5,1500,177.19,4251,3121,6,6
2393,X25519-ML-KEM-768,160,5,1500,686.43,4251,3123,6,6
2394,X25519-ML-KEM-768,160,5,1500,175.63,2937,3192,4,7
2395,X25519-ML-KEM-768,160,5,1500,604.33,4338,3282,7,8
2396,X25519-ML-KEM-768,160,5,1500,604.08,4338,3211,7,7
2397,X25519-ML-KEM-768,160,5,1500,175.66,4251,3121,6,6
2398,X25519-ML-KEM-768,160,5,1500,176.08,4251,3122,6,6
2399,X25519-ML-KEM-768,160,5,1500,337.03,5493,3470,7,7
2400,X25519-ML-KEM-768,160,5,1500,175.69,4251,3121,6,6
